Watching for file changes with StatReloader
"GET / HTTP/1.1" 200 16919
"GET /static/assets/css/theme.css HTTP/1.1" 304 0
"GET /static/assets/js/theme.js HTTP/1.1" 304 0
"GET /static/assets/js/theme.js HTTP/1.1" 200 3625
"GET /static/assets/js/scripts.bundle.js HTTP/1.1" 200 238050
"GET /static/assets/plugins/global/plugins.bundle.js HTTP/1.1" 200 3558077
"GET /theme/preference/ HTTP/1.1" 302 0
"GET /login/?next=/theme/preference/ HTTP/1.1" 200 9176
"GET /login/ HTTP/1.1" 200 9158
"POST /login/ HTTP/1.1" 302 0
Internal Server Error: /dashboard/
Traceback (most recent call last):
  File "/Users/umutaraz/Desktop/Tüm hayatım burda/MediTracked/venv/lib/python3.13/site-packages/django/db/backends/utils.py", line 105, in _execute
    return self.cursor.execute(sql, params)
           ~~~~~~~~~~~~~~~~~~~^^^^^^^^^^^^^
  File "/Users/umutaraz/Desktop/Tüm hayatım burda/MediTracked/venv/lib/python3.13/site-packages/django/db/backends/sqlite3/base.py", line 360, in execute
    return super().execute(query, params)
           ~~~~~~~~~~~~~~~^^^^^^^^^^^^^^^
sqlite3.OperationalError: no such table: core_communicationnotification

The above exception was the direct cause of the following exception:

Traceback (most recent call last):
  File "/Users/umutaraz/Desktop/Tüm hayatım burda/MediTracked/venv/lib/python3.13/site-packages/django/core/handlers/exception.py", line 55, in inner
    response = get_response(request)
  File "/Users/umutaraz/Desktop/Tüm hayatım burda/MediTracked/venv/lib/python3.13/site-packages/django/core/handlers/base.py", line 197, in _get_response
    response = wrapped_callback(request, *callback_args, **callback_kwargs)
  File "/Users/umutaraz/Desktop/Tüm hayatım burda/MediTracked/venv/lib/python3.13/site-packages/django/contrib/auth/decorators.py", line 59, in _view_wrapper
    return view_func(request, *args, **kwargs)
  File "/Users/umutaraz/Desktop/Tüm hayatım burda/MediTracked/core/views.py", line 155, in dashboard
    return render(request, 'core/doctor_dashboard.html', context)
  File "/Users/umutaraz/Desktop/Tüm hayatım burda/MediTracked/venv/lib/python3.13/site-packages/django/shortcuts.py", line 25, in render
    content = loader.render_to_string(template_name, context, request, using=using)
  File "/Users/umutaraz/Desktop/Tüm hayatım burda/MediTracked/venv/lib/python3.13/site-packages/django/template/loader.py", line 62, in render_to_string
    return template.render(context, request)
           ~~~~~~~~~~~~~~~^^^^^^^^^^^^^^^^^^
  File "/Users/umutaraz/Desktop/Tüm hayatım burda/MediTracked/venv/lib/python3.13/site-packages/django/template/backends/django.py", line 107, in render
    return self.template.render(context)
           ~~~~~~~~~~~~~~~~~~~~^^^^^^^^^
  File "/Users/umutaraz/Desktop/Tüm hayatım burda/MediTracked/venv/lib/python3.13/site-packages/django/template/base.py", line 169, in render
    with context.bind_template(self):
         ~~~~~~~~~~~~~~~~~~~~~^^^^^^
  File "/Library/Frameworks/Python.framework/Versions/3.13/lib/python3.13/contextlib.py", line 141, in __enter__
    return next(self.gen)
  File "/Users/umutaraz/Desktop/Tüm hayatım burda/MediTracked/venv/lib/python3.13/site-packages/django/template/context.py", line 259, in bind_template
    context = processor(self.request)
  File "/Users/umutaraz/Desktop/Tüm hayatım burda/MediTracked/core/context_processors.py", line 14, in notifications_processor
    ).count()
      ~~~~~^^
  File "/Users/umutaraz/Desktop/Tüm hayatım burda/MediTracked/venv/lib/python3.13/site-packages/django/db/models/query.py", line 604, in count
    return self.query.get_count(using=self.db)
           ~~~~~~~~~~~~~~~~~~~~^^^^^^^^^^^^^^^
  File "/Users/umutaraz/Desktop/Tüm hayatım burda/MediTracked/venv/lib/python3.13/site-packages/django/db/models/sql/query.py", line 644, in get_count
    return obj.get_aggregation(using, {"__count": Count("*")})["__count"]
           ~~~~~~~~~~~~~~~~~~~^^^^^^^^^^^^^^^^^^^^^^^^^^^^^^^^
  File "/Users/umutaraz/Desktop/Tüm hayatım burda/MediTracked/venv/lib/python3.13/site-packages/django/db/models/sql/query.py", line 626, in get_aggregation
    result = compiler.execute_sql(SINGLE)
  File "/Users/umutaraz/Desktop/Tüm hayatım burda/MediTracked/venv/lib/python3.13/site-packages/django/db/models/sql/compiler.py", line 1623, in execute_sql
    cursor.execute(sql, params)
    ~~~~~~~~~~~~~~^^^^^^^^^^^^^
  File "/Users/umutaraz/Desktop/Tüm hayatım burda/MediTracked/venv/lib/python3.13/site-packages/django/db/backends/utils.py", line 122, in execute
    return super().execute(sql, params)
           ~~~~~~~~~~~~~~~^^^^^^^^^^^^^
  File "/Users/umutaraz/Desktop/Tüm hayatım burda/MediTracked/venv/lib/python3.13/site-packages/django/db/backends/utils.py", line 79, in execute
    return self._execute_with_wrappers(
           ~~~~~~~~~~~~~~~~~~~~~~~~~~~^
        sql, params, many=False, executor=self._execute
        ^^^^^^^^^^^^^^^^^^^^^^^^^^^^^^^^^^^^^^^^^^^^^^^
    )
    ^
  File "/Users/umutaraz/Desktop/Tüm hayatım burda/MediTracked/venv/lib/python3.13/site-packages/django/db/backends/utils.py", line 92, in _execute_with_wrappers
    return executor(sql, params, many, context)
  File "/Users/umutaraz/Desktop/Tüm hayatım burda/MediTracked/venv/lib/python3.13/site-packages/django/db/backends/utils.py", line 100, in _execute
    with self.db.wrap_database_errors:
         ^^^^^^^^^^^^^^^^^^^^^^^^^^^^
  File "/Users/umutaraz/Desktop/Tüm hayatım burda/MediTracked/venv/lib/python3.13/site-packages/django/db/utils.py", line 91, in __exit__
    raise dj_exc_value.with_traceback(traceback) from exc_value
  File "/Users/umutaraz/Desktop/Tüm hayatım burda/MediTracked/venv/lib/python3.13/site-packages/django/db/backends/utils.py", line 105, in _execute
    return self.cursor.execute(sql, params)
           ~~~~~~~~~~~~~~~~~~~^^^^^^^^^^^^^
  File "/Users/umutaraz/Desktop/Tüm hayatım burda/MediTracked/venv/lib/python3.13/site-packages/django/db/backends/sqlite3/base.py", line 360, in execute
    return super().execute(query, params)
           ~~~~~~~~~~~~~~~^^^^^^^^^^^^^^^
django.db.utils.OperationalError: no such table: core_communicationnotification
"GET /dashboard/ HTTP/1.1" 500 174663
Not Found: /favicon.ico
"GET /favicon.ico HTTP/1.1" 404 4185
Watching for file changes with StatReloader
Internal Server Error: /
Traceback (most recent call last):
  File "/Users/umutaraz/Desktop/Tüm hayatım burda/MediTracked/venv/lib/python3.13/site-packages/django/db/backends/utils.py", line 105, in _execute
    return self.cursor.execute(sql, params)
           ~~~~~~~~~~~~~~~~~~~^^^^^^^^^^^^^
  File "/Users/umutaraz/Desktop/Tüm hayatım burda/MediTracked/venv/lib/python3.13/site-packages/django/db/backends/sqlite3/base.py", line 360, in execute
    return super().execute(query, params)
           ~~~~~~~~~~~~~~~^^^^^^^^^^^^^^^
sqlite3.OperationalError: no such table: core_communicationnotification

The above exception was the direct cause of the following exception:

Traceback (most recent call last):
  File "/Users/umutaraz/Desktop/Tüm hayatım burda/MediTracked/venv/lib/python3.13/site-packages/django/core/handlers/exception.py", line 55, in inner
    response = get_response(request)
  File "/Users/umutaraz/Desktop/Tüm hayatım burda/MediTracked/venv/lib/python3.13/site-packages/django/core/handlers/base.py", line 220, in _get_response
    response = response.render()
  File "/Users/umutaraz/Desktop/Tüm hayatım burda/MediTracked/venv/lib/python3.13/site-packages/django/template/response.py", line 114, in render
    self.content = self.rendered_content
                   ^^^^^^^^^^^^^^^^^^^^^
  File "/Users/umutaraz/Desktop/Tüm hayatım burda/MediTracked/venv/lib/python3.13/site-packages/django/template/response.py", line 92, in rendered_content
    return template.render(context, self._request)
           ~~~~~~~~~~~~~~~^^^^^^^^^^^^^^^^^^^^^^^^
  File "/Users/umutaraz/Desktop/Tüm hayatım burda/MediTracked/venv/lib/python3.13/site-packages/django/template/backends/django.py", line 107, in render
    return self.template.render(context)
           ~~~~~~~~~~~~~~~~~~~~^^^^^^^^^
  File "/Users/umutaraz/Desktop/Tüm hayatım burda/MediTracked/venv/lib/python3.13/site-packages/django/template/base.py", line 169, in render
    with context.bind_template(self):
         ~~~~~~~~~~~~~~~~~~~~~^^^^^^
  File "/Library/Frameworks/Python.framework/Versions/3.13/lib/python3.13/contextlib.py", line 141, in __enter__
    return next(self.gen)
  File "/Users/umutaraz/Desktop/Tüm hayatım burda/MediTracked/venv/lib/python3.13/site-packages/django/template/context.py", line 259, in bind_template
    context = processor(self.request)
  File "/Users/umutaraz/Desktop/Tüm hayatım burda/MediTracked/core/context_processors.py", line 14, in notifications_processor
    ).count()
      ~~~~~^^
  File "/Users/umutaraz/Desktop/Tüm hayatım burda/MediTracked/venv/lib/python3.13/site-packages/django/db/models/query.py", line 604, in count
    return self.query.get_count(using=self.db)
           ~~~~~~~~~~~~~~~~~~~~^^^^^^^^^^^^^^^
  File "/Users/umutaraz/Desktop/Tüm hayatım burda/MediTracked/venv/lib/python3.13/site-packages/django/db/models/sql/query.py", line 644, in get_count
    return obj.get_aggregation(using, {"__count": Count("*")})["__count"]
           ~~~~~~~~~~~~~~~~~~~^^^^^^^^^^^^^^^^^^^^^^^^^^^^^^^^
  File "/Users/umutaraz/Desktop/Tüm hayatım burda/MediTracked/venv/lib/python3.13/site-packages/django/db/models/sql/query.py", line 626, in get_aggregation
    result = compiler.execute_sql(SINGLE)
  File "/Users/umutaraz/Desktop/Tüm hayatım burda/MediTracked/venv/lib/python3.13/site-packages/django/db/models/sql/compiler.py", line 1623, in execute_sql
    cursor.execute(sql, params)
    ~~~~~~~~~~~~~~^^^^^^^^^^^^^
  File "/Users/umutaraz/Desktop/Tüm hayatım burda/MediTracked/venv/lib/python3.13/site-packages/django/db/backends/utils.py", line 122, in execute
    return super().execute(sql, params)
           ~~~~~~~~~~~~~~~^^^^^^^^^^^^^
  File "/Users/umutaraz/Desktop/Tüm hayatım burda/MediTracked/venv/lib/python3.13/site-packages/django/db/backends/utils.py", line 79, in execute
    return self._execute_with_wrappers(
           ~~~~~~~~~~~~~~~~~~~~~~~~~~~^
        sql, params, many=False, executor=self._execute
        ^^^^^^^^^^^^^^^^^^^^^^^^^^^^^^^^^^^^^^^^^^^^^^^
    )
    ^
  File "/Users/umutaraz/Desktop/Tüm hayatım burda/MediTracked/venv/lib/python3.13/site-packages/django/db/backends/utils.py", line 92, in _execute_with_wrappers
    return executor(sql, params, many, context)
  File "/Users/umutaraz/Desktop/Tüm hayatım burda/MediTracked/venv/lib/python3.13/site-packages/django/db/backends/utils.py", line 100, in _execute
    with self.db.wrap_database_errors:
         ^^^^^^^^^^^^^^^^^^^^^^^^^^^^
  File "/Users/umutaraz/Desktop/Tüm hayatım burda/MediTracked/venv/lib/python3.13/site-packages/django/db/utils.py", line 91, in __exit__
    raise dj_exc_value.with_traceback(traceback) from exc_value
  File "/Users/umutaraz/Desktop/Tüm hayatım burda/MediTracked/venv/lib/python3.13/site-packages/django/db/backends/utils.py", line 105, in _execute
    return self.cursor.execute(sql, params)
           ~~~~~~~~~~~~~~~~~~~^^^^^^^^^^^^^
  File "/Users/umutaraz/Desktop/Tüm hayatım burda/MediTracked/venv/lib/python3.13/site-packages/django/db/backends/sqlite3/base.py", line 360, in execute
    return super().execute(query, params)
           ~~~~~~~~~~~~~~~^^^^^^^^^^^^^^^
django.db.utils.OperationalError: no such table: core_communicationnotification
"GET / HTTP/1.1" 500 156178
/Users/umutaraz/Desktop/Tüm hayatım burda/MediTracked/core/models_notifications.py changed, reloading.
Watching for file changes with StatReloader
/Users/umutaraz/Desktop/Tüm hayatım burda/MediTracked/core/models_notifications.py changed, reloading.
Watching for file changes with StatReloader
Watching for file changes with StatReloader
Internal Server Error: /
Traceback (most recent call last):
  File "/Users/umutaraz/Desktop/Tüm hayatım burda/MediTracked/venv/lib/python3.13/site-packages/django/urls/base.py", line 81, in reverse
    extra, resolver = resolver.namespace_dict[ns]
                      ~~~~~~~~~~~~~~~~~~~~~~~^^^^
KeyError: 'core'

During handling of the above exception, another exception occurred:

Traceback (most recent call last):
  File "/Users/umutaraz/Desktop/Tüm hayatım burda/MediTracked/venv/lib/python3.13/site-packages/django/core/handlers/exception.py", line 55, in inner
    response = get_response(request)
  File "/Users/umutaraz/Desktop/Tüm hayatım burda/MediTracked/venv/lib/python3.13/site-packages/django/core/handlers/base.py", line 220, in _get_response
    response = response.render()
  File "/Users/umutaraz/Desktop/Tüm hayatım burda/MediTracked/venv/lib/python3.13/site-packages/django/template/response.py", line 114, in render
    self.content = self.rendered_content
                   ^^^^^^^^^^^^^^^^^^^^^
  File "/Users/umutaraz/Desktop/Tüm hayatım burda/MediTracked/venv/lib/python3.13/site-packages/django/template/response.py", line 92, in rendered_content
    return template.render(context, self._request)
           ~~~~~~~~~~~~~~~^^^^^^^^^^^^^^^^^^^^^^^^
  File "/Users/umutaraz/Desktop/Tüm hayatım burda/MediTracked/venv/lib/python3.13/site-packages/django/template/backends/django.py", line 107, in render
    return self.template.render(context)
           ~~~~~~~~~~~~~~~~~~~~^^^^^^^^^
  File "/Users/umutaraz/Desktop/Tüm hayatım burda/MediTracked/venv/lib/python3.13/site-packages/django/template/base.py", line 171, in render
    return self._render(context)
           ~~~~~~~~~~~~^^^^^^^^^
  File "/Users/umutaraz/Desktop/Tüm hayatım burda/MediTracked/venv/lib/python3.13/site-packages/django/template/base.py", line 163, in _render
    return self.nodelist.render(context)
           ~~~~~~~~~~~~~~~~~~~~^^^^^^^^^
  File "/Users/umutaraz/Desktop/Tüm hayatım burda/MediTracked/venv/lib/python3.13/site-packages/django/template/base.py", line 1016, in render
    return SafeString("".join([node.render_annotated(context) for node in self]))
                               ~~~~~~~~~~~~~~~~~~~~~^^^^^^^^^
  File "/Users/umutaraz/Desktop/Tüm hayatım burda/MediTracked/venv/lib/python3.13/site-packages/django/template/base.py", line 977, in render_annotated
    return self.render(context)
           ~~~~~~~~~~~^^^^^^^^^
  File "/Users/umutaraz/Desktop/Tüm hayatım burda/MediTracked/venv/lib/python3.13/site-packages/django/template/loader_tags.py", line 159, in render
    return compiled_parent._render(context)
           ~~~~~~~~~~~~~~~~~~~~~~~^^^^^^^^^
  File "/Users/umutaraz/Desktop/Tüm hayatım burda/MediTracked/venv/lib/python3.13/site-packages/django/template/base.py", line 163, in _render
    return self.nodelist.render(context)
           ~~~~~~~~~~~~~~~~~~~~^^^^^^^^^
  File "/Users/umutaraz/Desktop/Tüm hayatım burda/MediTracked/venv/lib/python3.13/site-packages/django/template/base.py", line 1016, in render
    return SafeString("".join([node.render_annotated(context) for node in self]))
                               ~~~~~~~~~~~~~~~~~~~~~^^^^^^^^^
  File "/Users/umutaraz/Desktop/Tüm hayatım burda/MediTracked/venv/lib/python3.13/site-packages/django/template/base.py", line 977, in render_annotated
    return self.render(context)
           ~~~~~~~~~~~^^^^^^^^^
  File "/Users/umutaraz/Desktop/Tüm hayatım burda/MediTracked/venv/lib/python3.13/site-packages/django/template/defaulttags.py", line 327, in render
    return nodelist.render(context)
           ~~~~~~~~~~~~~~~^^^^^^^^^
  File "/Users/umutaraz/Desktop/Tüm hayatım burda/MediTracked/venv/lib/python3.13/site-packages/django/template/base.py", line 1016, in render
    return SafeString("".join([node.render_annotated(context) for node in self]))
                               ~~~~~~~~~~~~~~~~~~~~~^^^^^^^^^
  File "/Users/umutaraz/Desktop/Tüm hayatım burda/MediTracked/venv/lib/python3.13/site-packages/django/template/base.py", line 977, in render_annotated
    return self.render(context)
           ~~~~~~~~~~~^^^^^^^^^
  File "/Users/umutaraz/Desktop/Tüm hayatım burda/MediTracked/venv/lib/python3.13/site-packages/django/template/defaulttags.py", line 327, in render
    return nodelist.render(context)
           ~~~~~~~~~~~~~~~^^^^^^^^^
  File "/Users/umutaraz/Desktop/Tüm hayatım burda/MediTracked/venv/lib/python3.13/site-packages/django/template/base.py", line 1016, in render
    return SafeString("".join([node.render_annotated(context) for node in self]))
                               ~~~~~~~~~~~~~~~~~~~~~^^^^^^^^^
  File "/Users/umutaraz/Desktop/Tüm hayatım burda/MediTracked/venv/lib/python3.13/site-packages/django/template/base.py", line 977, in render_annotated
    return self.render(context)
           ~~~~~~~~~~~^^^^^^^^^
  File "/Users/umutaraz/Desktop/Tüm hayatım burda/MediTracked/venv/lib/python3.13/site-packages/django/template/defaulttags.py", line 480, in render
    url = reverse(view_name, args=args, kwargs=kwargs, current_app=current_app)
  File "/Users/umutaraz/Desktop/Tüm hayatım burda/MediTracked/venv/lib/python3.13/site-packages/django/urls/base.py", line 92, in reverse
    raise NoReverseMatch("%s is not a registered namespace" % key)
django.urls.exceptions.NoReverseMatch: 'core' is not a registered namespace
"GET / HTTP/1.1" 500 164896
/Users/umutaraz/Desktop/Tüm hayatım burda/MediTracked/meditrack/urls.py changed, reloading.
Watching for file changes with StatReloader
/Users/umutaraz/Desktop/Tüm hayatım burda/MediTracked/core/urls.py changed, reloading.
Watching for file changes with StatReloader
/Users/umutaraz/Desktop/Tüm hayatım burda/MediTracked/core/urls.py changed, reloading.
Watching for file changes with StatReloader
/Users/umutaraz/Desktop/Tüm hayatım burda/MediTracked/core/views.py changed, reloading.
Watching for file changes with StatReloader
/Users/umutaraz/Desktop/Tüm hayatım burda/MediTracked/core/views.py changed, reloading.
Watching for file changes with StatReloader
/Users/umutaraz/Desktop/Tüm hayatım burda/MediTracked/meditrack/settings.py changed, reloading.
Watching for file changes with StatReloader
/Users/umutaraz/Desktop/Tüm hayatım burda/MediTracked/core/views.py changed, reloading.
Watching for file changes with StatReloader
Internal Server Error: /
Traceback (most recent call last):
  File "/Users/umutaraz/Desktop/Tüm hayatım burda/MediTracked/venv/lib/python3.13/site-packages/django/core/handlers/exception.py", line 55, in inner
    response = get_response(request)
  File "/Users/umutaraz/Desktop/Tüm hayatım burda/MediTracked/venv/lib/python3.13/site-packages/django/core/handlers/base.py", line 220, in _get_response
    response = response.render()
  File "/Users/umutaraz/Desktop/Tüm hayatım burda/MediTracked/venv/lib/python3.13/site-packages/django/template/response.py", line 114, in render
    self.content = self.rendered_content
                   ^^^^^^^^^^^^^^^^^^^^^
  File "/Users/umutaraz/Desktop/Tüm hayatım burda/MediTracked/venv/lib/python3.13/site-packages/django/template/response.py", line 92, in rendered_content
    return template.render(context, self._request)
           ~~~~~~~~~~~~~~~^^^^^^^^^^^^^^^^^^^^^^^^
  File "/Users/umutaraz/Desktop/Tüm hayatım burda/MediTracked/venv/lib/python3.13/site-packages/django/template/backends/django.py", line 107, in render
    return self.template.render(context)
           ~~~~~~~~~~~~~~~~~~~~^^^^^^^^^
  File "/Users/umutaraz/Desktop/Tüm hayatım burda/MediTracked/venv/lib/python3.13/site-packages/django/template/base.py", line 171, in render
    return self._render(context)
           ~~~~~~~~~~~~^^^^^^^^^
  File "/Users/umutaraz/Desktop/Tüm hayatım burda/MediTracked/venv/lib/python3.13/site-packages/django/template/base.py", line 163, in _render
    return self.nodelist.render(context)
           ~~~~~~~~~~~~~~~~~~~~^^^^^^^^^
  File "/Users/umutaraz/Desktop/Tüm hayatım burda/MediTracked/venv/lib/python3.13/site-packages/django/template/base.py", line 1016, in render
    return SafeString("".join([node.render_annotated(context) for node in self]))
                               ~~~~~~~~~~~~~~~~~~~~~^^^^^^^^^
  File "/Users/umutaraz/Desktop/Tüm hayatım burda/MediTracked/venv/lib/python3.13/site-packages/django/template/base.py", line 977, in render_annotated
    return self.render(context)
           ~~~~~~~~~~~^^^^^^^^^
  File "/Users/umutaraz/Desktop/Tüm hayatım burda/MediTracked/venv/lib/python3.13/site-packages/django/template/loader_tags.py", line 159, in render
    return compiled_parent._render(context)
           ~~~~~~~~~~~~~~~~~~~~~~~^^^^^^^^^
  File "/Users/umutaraz/Desktop/Tüm hayatım burda/MediTracked/venv/lib/python3.13/site-packages/django/template/base.py", line 163, in _render
    return self.nodelist.render(context)
           ~~~~~~~~~~~~~~~~~~~~^^^^^^^^^
  File "/Users/umutaraz/Desktop/Tüm hayatım burda/MediTracked/venv/lib/python3.13/site-packages/django/template/base.py", line 1016, in render
    return SafeString("".join([node.render_annotated(context) for node in self]))
                               ~~~~~~~~~~~~~~~~~~~~~^^^^^^^^^
  File "/Users/umutaraz/Desktop/Tüm hayatım burda/MediTracked/venv/lib/python3.13/site-packages/django/template/base.py", line 977, in render_annotated
    return self.render(context)
           ~~~~~~~~~~~^^^^^^^^^
  File "/Users/umutaraz/Desktop/Tüm hayatım burda/MediTracked/venv/lib/python3.13/site-packages/django/template/defaulttags.py", line 327, in render
    return nodelist.render(context)
           ~~~~~~~~~~~~~~~^^^^^^^^^
  File "/Users/umutaraz/Desktop/Tüm hayatım burda/MediTracked/venv/lib/python3.13/site-packages/django/template/base.py", line 1016, in render
    return SafeString("".join([node.render_annotated(context) for node in self]))
                               ~~~~~~~~~~~~~~~~~~~~~^^^^^^^^^
  File "/Users/umutaraz/Desktop/Tüm hayatım burda/MediTracked/venv/lib/python3.13/site-packages/django/template/base.py", line 977, in render_annotated
    return self.render(context)
           ~~~~~~~~~~~^^^^^^^^^
  File "/Users/umutaraz/Desktop/Tüm hayatım burda/MediTracked/venv/lib/python3.13/site-packages/django/template/defaulttags.py", line 480, in render
    url = reverse(view_name, args=args, kwargs=kwargs, current_app=current_app)
  File "/Users/umutaraz/Desktop/Tüm hayatım burda/MediTracked/venv/lib/python3.13/site-packages/django/urls/base.py", line 98, in reverse
    resolved_url = resolver._reverse_with_prefix(view, prefix, *args, **kwargs)
  File "/Users/umutaraz/Desktop/Tüm hayatım burda/MediTracked/venv/lib/python3.13/site-packages/django/urls/resolvers.py", line 831, in _reverse_with_prefix
    raise NoReverseMatch(msg)
django.urls.exceptions.NoReverseMatch: Reverse for 'notification-list' not found. 'notification-list' is not a valid view function or pattern name.
"GET / HTTP/1.1" 500 148826
/Users/umutaraz/Desktop/Tüm hayatım burda/MediTracked/core/views_notification.py changed, reloading.
Watching for file changes with StatReloader
Internal Server Error: /
Traceback (most recent call last):
  File "/Users/umutaraz/Desktop/Tüm hayatım burda/MediTracked/venv/lib/python3.13/site-packages/django/core/handlers/exception.py", line 55, in inner
    response = get_response(request)
  File "/Users/umutaraz/Desktop/Tüm hayatım burda/MediTracked/venv/lib/python3.13/site-packages/django/core/handlers/base.py", line 220, in _get_response
    response = response.render()
  File "/Users/umutaraz/Desktop/Tüm hayatım burda/MediTracked/venv/lib/python3.13/site-packages/django/template/response.py", line 114, in render
    self.content = self.rendered_content
                   ^^^^^^^^^^^^^^^^^^^^^
  File "/Users/umutaraz/Desktop/Tüm hayatım burda/MediTracked/venv/lib/python3.13/site-packages/django/template/response.py", line 92, in rendered_content
    return template.render(context, self._request)
           ~~~~~~~~~~~~~~~^^^^^^^^^^^^^^^^^^^^^^^^
  File "/Users/umutaraz/Desktop/Tüm hayatım burda/MediTracked/venv/lib/python3.13/site-packages/django/template/backends/django.py", line 107, in render
    return self.template.render(context)
           ~~~~~~~~~~~~~~~~~~~~^^^^^^^^^
  File "/Users/umutaraz/Desktop/Tüm hayatım burda/MediTracked/venv/lib/python3.13/site-packages/django/template/base.py", line 171, in render
    return self._render(context)
           ~~~~~~~~~~~~^^^^^^^^^
  File "/Users/umutaraz/Desktop/Tüm hayatım burda/MediTracked/venv/lib/python3.13/site-packages/django/template/base.py", line 163, in _render
    return self.nodelist.render(context)
           ~~~~~~~~~~~~~~~~~~~~^^^^^^^^^
  File "/Users/umutaraz/Desktop/Tüm hayatım burda/MediTracked/venv/lib/python3.13/site-packages/django/template/base.py", line 1016, in render
    return SafeString("".join([node.render_annotated(context) for node in self]))
                               ~~~~~~~~~~~~~~~~~~~~~^^^^^^^^^
  File "/Users/umutaraz/Desktop/Tüm hayatım burda/MediTracked/venv/lib/python3.13/site-packages/django/template/base.py", line 977, in render_annotated
    return self.render(context)
           ~~~~~~~~~~~^^^^^^^^^
  File "/Users/umutaraz/Desktop/Tüm hayatım burda/MediTracked/venv/lib/python3.13/site-packages/django/template/loader_tags.py", line 159, in render
    return compiled_parent._render(context)
           ~~~~~~~~~~~~~~~~~~~~~~~^^^^^^^^^
  File "/Users/umutaraz/Desktop/Tüm hayatım burda/MediTracked/venv/lib/python3.13/site-packages/django/template/base.py", line 163, in _render
    return self.nodelist.render(context)
           ~~~~~~~~~~~~~~~~~~~~^^^^^^^^^
  File "/Users/umutaraz/Desktop/Tüm hayatım burda/MediTracked/venv/lib/python3.13/site-packages/django/template/base.py", line 1016, in render
    return SafeString("".join([node.render_annotated(context) for node in self]))
                               ~~~~~~~~~~~~~~~~~~~~~^^^^^^^^^
  File "/Users/umutaraz/Desktop/Tüm hayatım burda/MediTracked/venv/lib/python3.13/site-packages/django/template/base.py", line 977, in render_annotated
    return self.render(context)
           ~~~~~~~~~~~^^^^^^^^^
  File "/Users/umutaraz/Desktop/Tüm hayatım burda/MediTracked/venv/lib/python3.13/site-packages/django/template/defaulttags.py", line 327, in render
    return nodelist.render(context)
           ~~~~~~~~~~~~~~~^^^^^^^^^
  File "/Users/umutaraz/Desktop/Tüm hayatım burda/MediTracked/venv/lib/python3.13/site-packages/django/template/base.py", line 1016, in render
    return SafeString("".join([node.render_annotated(context) for node in self]))
                               ~~~~~~~~~~~~~~~~~~~~~^^^^^^^^^
  File "/Users/umutaraz/Desktop/Tüm hayatım burda/MediTracked/venv/lib/python3.13/site-packages/django/template/base.py", line 977, in render_annotated
    return self.render(context)
           ~~~~~~~~~~~^^^^^^^^^
  File "/Users/umutaraz/Desktop/Tüm hayatım burda/MediTracked/venv/lib/python3.13/site-packages/django/template/defaulttags.py", line 480, in render
    url = reverse(view_name, args=args, kwargs=kwargs, current_app=current_app)
  File "/Users/umutaraz/Desktop/Tüm hayatım burda/MediTracked/venv/lib/python3.13/site-packages/django/urls/base.py", line 98, in reverse
    resolved_url = resolver._reverse_with_prefix(view, prefix, *args, **kwargs)
  File "/Users/umutaraz/Desktop/Tüm hayatım burda/MediTracked/venv/lib/python3.13/site-packages/django/urls/resolvers.py", line 831, in _reverse_with_prefix
    raise NoReverseMatch(msg)
django.urls.exceptions.NoReverseMatch: Reverse for 'notification-list' not found. 'notification-list' is not a valid view function or pattern name.
"GET / HTTP/1.1" 500 148826
/Users/umutaraz/Desktop/Tüm hayatım burda/MediTracked/core/views_notification.py changed, reloading.
Watching for file changes with StatReloader
Internal Server Error: /
Traceback (most recent call last):
  File "/Users/umutaraz/Desktop/Tüm hayatım burda/MediTracked/venv/lib/python3.13/site-packages/django/core/handlers/exception.py", line 55, in inner
    response = get_response(request)
  File "/Users/umutaraz/Desktop/Tüm hayatım burda/MediTracked/venv/lib/python3.13/site-packages/django/core/handlers/base.py", line 220, in _get_response
    response = response.render()
  File "/Users/umutaraz/Desktop/Tüm hayatım burda/MediTracked/venv/lib/python3.13/site-packages/django/template/response.py", line 114, in render
    self.content = self.rendered_content
                   ^^^^^^^^^^^^^^^^^^^^^
  File "/Users/umutaraz/Desktop/Tüm hayatım burda/MediTracked/venv/lib/python3.13/site-packages/django/template/response.py", line 92, in rendered_content
    return template.render(context, self._request)
           ~~~~~~~~~~~~~~~^^^^^^^^^^^^^^^^^^^^^^^^
  File "/Users/umutaraz/Desktop/Tüm hayatım burda/MediTracked/venv/lib/python3.13/site-packages/django/template/backends/django.py", line 107, in render
    return self.template.render(context)
           ~~~~~~~~~~~~~~~~~~~~^^^^^^^^^
  File "/Users/umutaraz/Desktop/Tüm hayatım burda/MediTracked/venv/lib/python3.13/site-packages/django/template/base.py", line 171, in render
    return self._render(context)
           ~~~~~~~~~~~~^^^^^^^^^
  File "/Users/umutaraz/Desktop/Tüm hayatım burda/MediTracked/venv/lib/python3.13/site-packages/django/template/base.py", line 163, in _render
    return self.nodelist.render(context)
           ~~~~~~~~~~~~~~~~~~~~^^^^^^^^^
  File "/Users/umutaraz/Desktop/Tüm hayatım burda/MediTracked/venv/lib/python3.13/site-packages/django/template/base.py", line 1016, in render
    return SafeString("".join([node.render_annotated(context) for node in self]))
                               ~~~~~~~~~~~~~~~~~~~~~^^^^^^^^^
  File "/Users/umutaraz/Desktop/Tüm hayatım burda/MediTracked/venv/lib/python3.13/site-packages/django/template/base.py", line 977, in render_annotated
    return self.render(context)
           ~~~~~~~~~~~^^^^^^^^^
  File "/Users/umutaraz/Desktop/Tüm hayatım burda/MediTracked/venv/lib/python3.13/site-packages/django/template/loader_tags.py", line 159, in render
    return compiled_parent._render(context)
           ~~~~~~~~~~~~~~~~~~~~~~~^^^^^^^^^
  File "/Users/umutaraz/Desktop/Tüm hayatım burda/MediTracked/venv/lib/python3.13/site-packages/django/template/base.py", line 163, in _render
    return self.nodelist.render(context)
           ~~~~~~~~~~~~~~~~~~~~^^^^^^^^^
  File "/Users/umutaraz/Desktop/Tüm hayatım burda/MediTracked/venv/lib/python3.13/site-packages/django/template/base.py", line 1016, in render
    return SafeString("".join([node.render_annotated(context) for node in self]))
                               ~~~~~~~~~~~~~~~~~~~~~^^^^^^^^^
  File "/Users/umutaraz/Desktop/Tüm hayatım burda/MediTracked/venv/lib/python3.13/site-packages/django/template/base.py", line 977, in render_annotated
    return self.render(context)
           ~~~~~~~~~~~^^^^^^^^^
  File "/Users/umutaraz/Desktop/Tüm hayatım burda/MediTracked/venv/lib/python3.13/site-packages/django/template/defaulttags.py", line 327, in render
    return nodelist.render(context)
           ~~~~~~~~~~~~~~~^^^^^^^^^
  File "/Users/umutaraz/Desktop/Tüm hayatım burda/MediTracked/venv/lib/python3.13/site-packages/django/template/base.py", line 1016, in render
    return SafeString("".join([node.render_annotated(context) for node in self]))
                               ~~~~~~~~~~~~~~~~~~~~~^^^^^^^^^
  File "/Users/umutaraz/Desktop/Tüm hayatım burda/MediTracked/venv/lib/python3.13/site-packages/django/template/base.py", line 977, in render_annotated
    return self.render(context)
           ~~~~~~~~~~~^^^^^^^^^
  File "/Users/umutaraz/Desktop/Tüm hayatım burda/MediTracked/venv/lib/python3.13/site-packages/django/template/defaulttags.py", line 480, in render
    url = reverse(view_name, args=args, kwargs=kwargs, current_app=current_app)
  File "/Users/umutaraz/Desktop/Tüm hayatım burda/MediTracked/venv/lib/python3.13/site-packages/django/urls/base.py", line 98, in reverse
    resolved_url = resolver._reverse_with_prefix(view, prefix, *args, **kwargs)
  File "/Users/umutaraz/Desktop/Tüm hayatım burda/MediTracked/venv/lib/python3.13/site-packages/django/urls/resolvers.py", line 831, in _reverse_with_prefix
    raise NoReverseMatch(msg)
django.urls.exceptions.NoReverseMatch: Reverse for 'notification-list' not found. 'notification-list' is not a valid view function or pattern name.
"GET / HTTP/1.1" 500 148826
Internal Server Error: /
Traceback (most recent call last):
  File "/Users/umutaraz/Desktop/Tüm hayatım burda/MediTracked/venv/lib/python3.13/site-packages/django/core/handlers/exception.py", line 55, in inner
    response = get_response(request)
  File "/Users/umutaraz/Desktop/Tüm hayatım burda/MediTracked/venv/lib/python3.13/site-packages/django/core/handlers/base.py", line 220, in _get_response
    response = response.render()
  File "/Users/umutaraz/Desktop/Tüm hayatım burda/MediTracked/venv/lib/python3.13/site-packages/django/template/response.py", line 114, in render
    self.content = self.rendered_content
                   ^^^^^^^^^^^^^^^^^^^^^
  File "/Users/umutaraz/Desktop/Tüm hayatım burda/MediTracked/venv/lib/python3.13/site-packages/django/template/response.py", line 92, in rendered_content
    return template.render(context, self._request)
           ~~~~~~~~~~~~~~~^^^^^^^^^^^^^^^^^^^^^^^^
  File "/Users/umutaraz/Desktop/Tüm hayatım burda/MediTracked/venv/lib/python3.13/site-packages/django/template/backends/django.py", line 107, in render
    return self.template.render(context)
           ~~~~~~~~~~~~~~~~~~~~^^^^^^^^^
  File "/Users/umutaraz/Desktop/Tüm hayatım burda/MediTracked/venv/lib/python3.13/site-packages/django/template/base.py", line 171, in render
    return self._render(context)
           ~~~~~~~~~~~~^^^^^^^^^
  File "/Users/umutaraz/Desktop/Tüm hayatım burda/MediTracked/venv/lib/python3.13/site-packages/django/template/base.py", line 163, in _render
    return self.nodelist.render(context)
           ~~~~~~~~~~~~~~~~~~~~^^^^^^^^^
  File "/Users/umutaraz/Desktop/Tüm hayatım burda/MediTracked/venv/lib/python3.13/site-packages/django/template/base.py", line 1016, in render
    return SafeString("".join([node.render_annotated(context) for node in self]))
                               ~~~~~~~~~~~~~~~~~~~~~^^^^^^^^^
  File "/Users/umutaraz/Desktop/Tüm hayatım burda/MediTracked/venv/lib/python3.13/site-packages/django/template/base.py", line 977, in render_annotated
    return self.render(context)
           ~~~~~~~~~~~^^^^^^^^^
  File "/Users/umutaraz/Desktop/Tüm hayatım burda/MediTracked/venv/lib/python3.13/site-packages/django/template/loader_tags.py", line 159, in render
    return compiled_parent._render(context)
           ~~~~~~~~~~~~~~~~~~~~~~~^^^^^^^^^
  File "/Users/umutaraz/Desktop/Tüm hayatım burda/MediTracked/venv/lib/python3.13/site-packages/django/template/base.py", line 163, in _render
    return self.nodelist.render(context)
           ~~~~~~~~~~~~~~~~~~~~^^^^^^^^^
  File "/Users/umutaraz/Desktop/Tüm hayatım burda/MediTracked/venv/lib/python3.13/site-packages/django/template/base.py", line 1016, in render
    return SafeString("".join([node.render_annotated(context) for node in self]))
                               ~~~~~~~~~~~~~~~~~~~~~^^^^^^^^^
  File "/Users/umutaraz/Desktop/Tüm hayatım burda/MediTracked/venv/lib/python3.13/site-packages/django/template/base.py", line 977, in render_annotated
    return self.render(context)
           ~~~~~~~~~~~^^^^^^^^^
  File "/Users/umutaraz/Desktop/Tüm hayatım burda/MediTracked/venv/lib/python3.13/site-packages/django/template/defaulttags.py", line 327, in render
    return nodelist.render(context)
           ~~~~~~~~~~~~~~~^^^^^^^^^
  File "/Users/umutaraz/Desktop/Tüm hayatım burda/MediTracked/venv/lib/python3.13/site-packages/django/template/base.py", line 1016, in render
    return SafeString("".join([node.render_annotated(context) for node in self]))
                               ~~~~~~~~~~~~~~~~~~~~~^^^^^^^^^
  File "/Users/umutaraz/Desktop/Tüm hayatım burda/MediTracked/venv/lib/python3.13/site-packages/django/template/base.py", line 977, in render_annotated
    return self.render(context)
           ~~~~~~~~~~~^^^^^^^^^
  File "/Users/umutaraz/Desktop/Tüm hayatım burda/MediTracked/venv/lib/python3.13/site-packages/django/template/defaulttags.py", line 480, in render
    url = reverse(view_name, args=args, kwargs=kwargs, current_app=current_app)
  File "/Users/umutaraz/Desktop/Tüm hayatım burda/MediTracked/venv/lib/python3.13/site-packages/django/urls/base.py", line 98, in reverse
    resolved_url = resolver._reverse_with_prefix(view, prefix, *args, **kwargs)
  File "/Users/umutaraz/Desktop/Tüm hayatım burda/MediTracked/venv/lib/python3.13/site-packages/django/urls/resolvers.py", line 831, in _reverse_with_prefix
    raise NoReverseMatch(msg)
django.urls.exceptions.NoReverseMatch: Reverse for 'notification-list' not found. 'notification-list' is not a valid view function or pattern name.
"GET / HTTP/1.1" 500 148190
Internal Server Error: /
Traceback (most recent call last):
  File "/Users/umutaraz/Desktop/Tüm hayatım burda/MediTracked/venv/lib/python3.13/site-packages/django/core/handlers/exception.py", line 55, in inner
    response = get_response(request)
  File "/Users/umutaraz/Desktop/Tüm hayatım burda/MediTracked/venv/lib/python3.13/site-packages/django/core/handlers/base.py", line 220, in _get_response
    response = response.render()
  File "/Users/umutaraz/Desktop/Tüm hayatım burda/MediTracked/venv/lib/python3.13/site-packages/django/template/response.py", line 114, in render
    self.content = self.rendered_content
                   ^^^^^^^^^^^^^^^^^^^^^
  File "/Users/umutaraz/Desktop/Tüm hayatım burda/MediTracked/venv/lib/python3.13/site-packages/django/template/response.py", line 92, in rendered_content
    return template.render(context, self._request)
           ~~~~~~~~~~~~~~~^^^^^^^^^^^^^^^^^^^^^^^^
  File "/Users/umutaraz/Desktop/Tüm hayatım burda/MediTracked/venv/lib/python3.13/site-packages/django/template/backends/django.py", line 107, in render
    return self.template.render(context)
           ~~~~~~~~~~~~~~~~~~~~^^^^^^^^^
  File "/Users/umutaraz/Desktop/Tüm hayatım burda/MediTracked/venv/lib/python3.13/site-packages/django/template/base.py", line 171, in render
    return self._render(context)
           ~~~~~~~~~~~~^^^^^^^^^
  File "/Users/umutaraz/Desktop/Tüm hayatım burda/MediTracked/venv/lib/python3.13/site-packages/django/template/base.py", line 163, in _render
    return self.nodelist.render(context)
           ~~~~~~~~~~~~~~~~~~~~^^^^^^^^^
  File "/Users/umutaraz/Desktop/Tüm hayatım burda/MediTracked/venv/lib/python3.13/site-packages/django/template/base.py", line 1016, in render
    return SafeString("".join([node.render_annotated(context) for node in self]))
                               ~~~~~~~~~~~~~~~~~~~~~^^^^^^^^^
  File "/Users/umutaraz/Desktop/Tüm hayatım burda/MediTracked/venv/lib/python3.13/site-packages/django/template/base.py", line 977, in render_annotated
    return self.render(context)
           ~~~~~~~~~~~^^^^^^^^^
  File "/Users/umutaraz/Desktop/Tüm hayatım burda/MediTracked/venv/lib/python3.13/site-packages/django/template/loader_tags.py", line 159, in render
    return compiled_parent._render(context)
           ~~~~~~~~~~~~~~~~~~~~~~~^^^^^^^^^
  File "/Users/umutaraz/Desktop/Tüm hayatım burda/MediTracked/venv/lib/python3.13/site-packages/django/template/base.py", line 163, in _render
    return self.nodelist.render(context)
           ~~~~~~~~~~~~~~~~~~~~^^^^^^^^^
  File "/Users/umutaraz/Desktop/Tüm hayatım burda/MediTracked/venv/lib/python3.13/site-packages/django/template/base.py", line 1016, in render
    return SafeString("".join([node.render_annotated(context) for node in self]))
                               ~~~~~~~~~~~~~~~~~~~~~^^^^^^^^^
  File "/Users/umutaraz/Desktop/Tüm hayatım burda/MediTracked/venv/lib/python3.13/site-packages/django/template/base.py", line 977, in render_annotated
    return self.render(context)
           ~~~~~~~~~~~^^^^^^^^^
  File "/Users/umutaraz/Desktop/Tüm hayatım burda/MediTracked/venv/lib/python3.13/site-packages/django/template/defaulttags.py", line 327, in render
    return nodelist.render(context)
           ~~~~~~~~~~~~~~~^^^^^^^^^
  File "/Users/umutaraz/Desktop/Tüm hayatım burda/MediTracked/venv/lib/python3.13/site-packages/django/template/base.py", line 1016, in render
    return SafeString("".join([node.render_annotated(context) for node in self]))
                               ~~~~~~~~~~~~~~~~~~~~~^^^^^^^^^
  File "/Users/umutaraz/Desktop/Tüm hayatım burda/MediTracked/venv/lib/python3.13/site-packages/django/template/base.py", line 977, in render_annotated
    return self.render(context)
           ~~~~~~~~~~~^^^^^^^^^
  File "/Users/umutaraz/Desktop/Tüm hayatım burda/MediTracked/venv/lib/python3.13/site-packages/django/template/defaulttags.py", line 327, in render
    return nodelist.render(context)
           ~~~~~~~~~~~~~~~^^^^^^^^^
  File "/Users/umutaraz/Desktop/Tüm hayatım burda/MediTracked/venv/lib/python3.13/site-packages/django/template/base.py", line 1016, in render
    return SafeString("".join([node.render_annotated(context) for node in self]))
                               ~~~~~~~~~~~~~~~~~~~~~^^^^^^^^^
  File "/Users/umutaraz/Desktop/Tüm hayatım burda/MediTracked/venv/lib/python3.13/site-packages/django/template/base.py", line 977, in render_annotated
    return self.render(context)
           ~~~~~~~~~~~^^^^^^^^^
  File "/Users/umutaraz/Desktop/Tüm hayatım burda/MediTracked/venv/lib/python3.13/site-packages/django/template/defaulttags.py", line 480, in render
    url = reverse(view_name, args=args, kwargs=kwargs, current_app=current_app)
  File "/Users/umutaraz/Desktop/Tüm hayatım burda/MediTracked/venv/lib/python3.13/site-packages/django/urls/base.py", line 98, in reverse
    resolved_url = resolver._reverse_with_prefix(view, prefix, *args, **kwargs)
  File "/Users/umutaraz/Desktop/Tüm hayatım burda/MediTracked/venv/lib/python3.13/site-packages/django/urls/resolvers.py", line 831, in _reverse_with_prefix
    raise NoReverseMatch(msg)
django.urls.exceptions.NoReverseMatch: Reverse for 'patient-list' not found. 'patient-list' is not a valid view function or pattern name.
"GET / HTTP/1.1" 500 162589
/Users/umutaraz/Desktop/Tüm hayatım burda/MediTracked/core/views_notification.py changed, reloading.
Watching for file changes with StatReloader
Internal Server Error: /
Traceback (most recent call last):
  File "/Users/umutaraz/Desktop/Tüm hayatım burda/MediTracked/venv/lib/python3.13/site-packages/django/core/handlers/exception.py", line 55, in inner
    response = get_response(request)
  File "/Users/umutaraz/Desktop/Tüm hayatım burda/MediTracked/venv/lib/python3.13/site-packages/django/core/handlers/base.py", line 220, in _get_response
    response = response.render()
  File "/Users/umutaraz/Desktop/Tüm hayatım burda/MediTracked/venv/lib/python3.13/site-packages/django/template/response.py", line 114, in render
    self.content = self.rendered_content
                   ^^^^^^^^^^^^^^^^^^^^^
  File "/Users/umutaraz/Desktop/Tüm hayatım burda/MediTracked/venv/lib/python3.13/site-packages/django/template/response.py", line 92, in rendered_content
    return template.render(context, self._request)
           ~~~~~~~~~~~~~~~^^^^^^^^^^^^^^^^^^^^^^^^
  File "/Users/umutaraz/Desktop/Tüm hayatım burda/MediTracked/venv/lib/python3.13/site-packages/django/template/backends/django.py", line 107, in render
    return self.template.render(context)
           ~~~~~~~~~~~~~~~~~~~~^^^^^^^^^
  File "/Users/umutaraz/Desktop/Tüm hayatım burda/MediTracked/venv/lib/python3.13/site-packages/django/template/base.py", line 171, in render
    return self._render(context)
           ~~~~~~~~~~~~^^^^^^^^^
  File "/Users/umutaraz/Desktop/Tüm hayatım burda/MediTracked/venv/lib/python3.13/site-packages/django/template/base.py", line 163, in _render
    return self.nodelist.render(context)
           ~~~~~~~~~~~~~~~~~~~~^^^^^^^^^
  File "/Users/umutaraz/Desktop/Tüm hayatım burda/MediTracked/venv/lib/python3.13/site-packages/django/template/base.py", line 1016, in render
    return SafeString("".join([node.render_annotated(context) for node in self]))
                               ~~~~~~~~~~~~~~~~~~~~~^^^^^^^^^
  File "/Users/umutaraz/Desktop/Tüm hayatım burda/MediTracked/venv/lib/python3.13/site-packages/django/template/base.py", line 977, in render_annotated
    return self.render(context)
           ~~~~~~~~~~~^^^^^^^^^
  File "/Users/umutaraz/Desktop/Tüm hayatım burda/MediTracked/venv/lib/python3.13/site-packages/django/template/loader_tags.py", line 159, in render
    return compiled_parent._render(context)
           ~~~~~~~~~~~~~~~~~~~~~~~^^^^^^^^^
  File "/Users/umutaraz/Desktop/Tüm hayatım burda/MediTracked/venv/lib/python3.13/site-packages/django/template/base.py", line 163, in _render
    return self.nodelist.render(context)
           ~~~~~~~~~~~~~~~~~~~~^^^^^^^^^
  File "/Users/umutaraz/Desktop/Tüm hayatım burda/MediTracked/venv/lib/python3.13/site-packages/django/template/base.py", line 1016, in render
    return SafeString("".join([node.render_annotated(context) for node in self]))
                               ~~~~~~~~~~~~~~~~~~~~~^^^^^^^^^
  File "/Users/umutaraz/Desktop/Tüm hayatım burda/MediTracked/venv/lib/python3.13/site-packages/django/template/base.py", line 977, in render_annotated
    return self.render(context)
           ~~~~~~~~~~~^^^^^^^^^
  File "/Users/umutaraz/Desktop/Tüm hayatım burda/MediTracked/venv/lib/python3.13/site-packages/django/template/loader_tags.py", line 65, in render
    result = block.nodelist.render(context)
  File "/Users/umutaraz/Desktop/Tüm hayatım burda/MediTracked/venv/lib/python3.13/site-packages/django/template/base.py", line 1016, in render
    return SafeString("".join([node.render_annotated(context) for node in self]))
                               ~~~~~~~~~~~~~~~~~~~~~^^^^^^^^^
  File "/Users/umutaraz/Desktop/Tüm hayatım burda/MediTracked/venv/lib/python3.13/site-packages/django/template/base.py", line 977, in render_annotated
    return self.render(context)
           ~~~~~~~~~~~^^^^^^^^^
  File "/Users/umutaraz/Desktop/Tüm hayatım burda/MediTracked/venv/lib/python3.13/site-packages/django/template/defaulttags.py", line 327, in render
    return nodelist.render(context)
           ~~~~~~~~~~~~~~~^^^^^^^^^
  File "/Users/umutaraz/Desktop/Tüm hayatım burda/MediTracked/venv/lib/python3.13/site-packages/django/template/base.py", line 1016, in render
    return SafeString("".join([node.render_annotated(context) for node in self]))
                               ~~~~~~~~~~~~~~~~~~~~~^^^^^^^^^
  File "/Users/umutaraz/Desktop/Tüm hayatım burda/MediTracked/venv/lib/python3.13/site-packages/django/template/base.py", line 977, in render_annotated
    return self.render(context)
           ~~~~~~~~~~~^^^^^^^^^
  File "/Users/umutaraz/Desktop/Tüm hayatım burda/MediTracked/venv/lib/python3.13/site-packages/django/template/defaulttags.py", line 327, in render
    return nodelist.render(context)
           ~~~~~~~~~~~~~~~^^^^^^^^^
  File "/Users/umutaraz/Desktop/Tüm hayatım burda/MediTracked/venv/lib/python3.13/site-packages/django/template/base.py", line 1016, in render
    return SafeString("".join([node.render_annotated(context) for node in self]))
                               ~~~~~~~~~~~~~~~~~~~~~^^^^^^^^^
  File "/Users/umutaraz/Desktop/Tüm hayatım burda/MediTracked/venv/lib/python3.13/site-packages/django/template/base.py", line 977, in render_annotated
    return self.render(context)
           ~~~~~~~~~~~^^^^^^^^^
  File "/Users/umutaraz/Desktop/Tüm hayatım burda/MediTracked/venv/lib/python3.13/site-packages/django/template/defaulttags.py", line 480, in render
    url = reverse(view_name, args=args, kwargs=kwargs, current_app=current_app)
  File "/Users/umutaraz/Desktop/Tüm hayatım burda/MediTracked/venv/lib/python3.13/site-packages/django/urls/base.py", line 98, in reverse
    resolved_url = resolver._reverse_with_prefix(view, prefix, *args, **kwargs)
  File "/Users/umutaraz/Desktop/Tüm hayatım burda/MediTracked/venv/lib/python3.13/site-packages/django/urls/resolvers.py", line 831, in _reverse_with_prefix
    raise NoReverseMatch(msg)
django.urls.exceptions.NoReverseMatch: Reverse for 'patient-list' not found. 'patient-list' is not a valid view function or pattern name.
"GET / HTTP/1.1" 500 173124
"GET / HTTP/1.1" 200 30471
"GET /static/assets/plugins/global/fonts/@fortawesome/fa-solid-900.woff2 HTTP/1.1" 200 157192
"GET /theme/preference/ HTTP/1.1" 200 20
"POST /theme/toggle/ HTTP/1.1" 200 36
"POST /theme/toggle/ HTTP/1.1" 200 37
"POST /theme/toggle/ HTTP/1.1" 200 36
Internal Server Error: /treatments/medical-images/
Traceback (most recent call last):
  File "/Users/umutaraz/Desktop/Tüm hayatım burda/MediTracked/venv/lib/python3.13/site-packages/django/core/handlers/exception.py", line 55, in inner
    response = get_response(request)
  File "/Users/umutaraz/Desktop/Tüm hayatım burda/MediTracked/venv/lib/python3.13/site-packages/django/core/handlers/base.py", line 220, in _get_response
    response = response.render()
  File "/Users/umutaraz/Desktop/Tüm hayatım burda/MediTracked/venv/lib/python3.13/site-packages/django/template/response.py", line 114, in render
    self.content = self.rendered_content
                   ^^^^^^^^^^^^^^^^^^^^^
  File "/Users/umutaraz/Desktop/Tüm hayatım burda/MediTracked/venv/lib/python3.13/site-packages/django/template/response.py", line 92, in rendered_content
    return template.render(context, self._request)
           ~~~~~~~~~~~~~~~^^^^^^^^^^^^^^^^^^^^^^^^
  File "/Users/umutaraz/Desktop/Tüm hayatım burda/MediTracked/venv/lib/python3.13/site-packages/django/template/backends/django.py", line 107, in render
    return self.template.render(context)
           ~~~~~~~~~~~~~~~~~~~~^^^^^^^^^
  File "/Users/umutaraz/Desktop/Tüm hayatım burda/MediTracked/venv/lib/python3.13/site-packages/django/template/base.py", line 171, in render
    return self._render(context)
           ~~~~~~~~~~~~^^^^^^^^^
  File "/Users/umutaraz/Desktop/Tüm hayatım burda/MediTracked/venv/lib/python3.13/site-packages/django/template/base.py", line 163, in _render
    return self.nodelist.render(context)
           ~~~~~~~~~~~~~~~~~~~~^^^^^^^^^
  File "/Users/umutaraz/Desktop/Tüm hayatım burda/MediTracked/venv/lib/python3.13/site-packages/django/template/base.py", line 1016, in render
    return SafeString("".join([node.render_annotated(context) for node in self]))
                               ~~~~~~~~~~~~~~~~~~~~~^^^^^^^^^
  File "/Users/umutaraz/Desktop/Tüm hayatım burda/MediTracked/venv/lib/python3.13/site-packages/django/template/base.py", line 977, in render_annotated
    return self.render(context)
           ~~~~~~~~~~~^^^^^^^^^
  File "/Users/umutaraz/Desktop/Tüm hayatım burda/MediTracked/venv/lib/python3.13/site-packages/django/template/loader_tags.py", line 159, in render
    return compiled_parent._render(context)
           ~~~~~~~~~~~~~~~~~~~~~~~^^^^^^^^^
  File "/Users/umutaraz/Desktop/Tüm hayatım burda/MediTracked/venv/lib/python3.13/site-packages/django/template/base.py", line 163, in _render
    return self.nodelist.render(context)
           ~~~~~~~~~~~~~~~~~~~~^^^^^^^^^
  File "/Users/umutaraz/Desktop/Tüm hayatım burda/MediTracked/venv/lib/python3.13/site-packages/django/template/base.py", line 1016, in render
    return SafeString("".join([node.render_annotated(context) for node in self]))
                               ~~~~~~~~~~~~~~~~~~~~~^^^^^^^^^
  File "/Users/umutaraz/Desktop/Tüm hayatım burda/MediTracked/venv/lib/python3.13/site-packages/django/template/base.py", line 977, in render_annotated
    return self.render(context)
           ~~~~~~~~~~~^^^^^^^^^
  File "/Users/umutaraz/Desktop/Tüm hayatım burda/MediTracked/venv/lib/python3.13/site-packages/django/template/loader_tags.py", line 65, in render
    result = block.nodelist.render(context)
  File "/Users/umutaraz/Desktop/Tüm hayatım burda/MediTracked/venv/lib/python3.13/site-packages/django/template/base.py", line 1016, in render
    return SafeString("".join([node.render_annotated(context) for node in self]))
                               ~~~~~~~~~~~~~~~~~~~~~^^^^^^^^^
  File "/Users/umutaraz/Desktop/Tüm hayatım burda/MediTracked/venv/lib/python3.13/site-packages/django/template/base.py", line 977, in render_annotated
    return self.render(context)
           ~~~~~~~~~~~^^^^^^^^^
  File "/Users/umutaraz/Desktop/Tüm hayatım burda/MediTracked/venv/lib/python3.13/site-packages/django/template/defaulttags.py", line 327, in render
    return nodelist.render(context)
           ~~~~~~~~~~~~~~~^^^^^^^^^
  File "/Users/umutaraz/Desktop/Tüm hayatım burda/MediTracked/venv/lib/python3.13/site-packages/django/template/base.py", line 1016, in render
    return SafeString("".join([node.render_annotated(context) for node in self]))
                               ~~~~~~~~~~~~~~~~~~~~~^^^^^^^^^
  File "/Users/umutaraz/Desktop/Tüm hayatım burda/MediTracked/venv/lib/python3.13/site-packages/django/template/base.py", line 977, in render_annotated
    return self.render(context)
           ~~~~~~~~~~~^^^^^^^^^
  File "/Users/umutaraz/Desktop/Tüm hayatım burda/MediTracked/venv/lib/python3.13/site-packages/django/template/defaulttags.py", line 327, in render
    return nodelist.render(context)
           ~~~~~~~~~~~~~~~^^^^^^^^^
  File "/Users/umutaraz/Desktop/Tüm hayatım burda/MediTracked/venv/lib/python3.13/site-packages/django/template/base.py", line 1016, in render
    return SafeString("".join([node.render_annotated(context) for node in self]))
                               ~~~~~~~~~~~~~~~~~~~~~^^^^^^^^^
  File "/Users/umutaraz/Desktop/Tüm hayatım burda/MediTracked/venv/lib/python3.13/site-packages/django/template/base.py", line 977, in render_annotated
    return self.render(context)
           ~~~~~~~~~~~^^^^^^^^^
  File "/Users/umutaraz/Desktop/Tüm hayatım burda/MediTracked/venv/lib/python3.13/site-packages/django/template/defaulttags.py", line 480, in render
    url = reverse(view_name, args=args, kwargs=kwargs, current_app=current_app)
  File "/Users/umutaraz/Desktop/Tüm hayatım burda/MediTracked/venv/lib/python3.13/site-packages/django/urls/base.py", line 98, in reverse
    resolved_url = resolver._reverse_with_prefix(view, prefix, *args, **kwargs)
  File "/Users/umutaraz/Desktop/Tüm hayatım burda/MediTracked/venv/lib/python3.13/site-packages/django/urls/resolvers.py", line 831, in _reverse_with_prefix
    raise NoReverseMatch(msg)
django.urls.exceptions.NoReverseMatch: Reverse for 'patient-list' not found. 'patient-list' is not a valid view function or pattern name.
"GET /treatments/medical-images/ HTTP/1.1" 500 186187
Internal Server Error: /core/patients/
Traceback (most recent call last):
  File "/Users/umutaraz/Desktop/Tüm hayatım burda/MediTracked/venv/lib/python3.13/site-packages/django/core/handlers/exception.py", line 55, in inner
    response = get_response(request)
  File "/Users/umutaraz/Desktop/Tüm hayatım burda/MediTracked/venv/lib/python3.13/site-packages/django/core/handlers/base.py", line 220, in _get_response
    response = response.render()
  File "/Users/umutaraz/Desktop/Tüm hayatım burda/MediTracked/venv/lib/python3.13/site-packages/django/template/response.py", line 114, in render
    self.content = self.rendered_content
                   ^^^^^^^^^^^^^^^^^^^^^
  File "/Users/umutaraz/Desktop/Tüm hayatım burda/MediTracked/venv/lib/python3.13/site-packages/django/template/response.py", line 92, in rendered_content
    return template.render(context, self._request)
           ~~~~~~~~~~~~~~~^^^^^^^^^^^^^^^^^^^^^^^^
  File "/Users/umutaraz/Desktop/Tüm hayatım burda/MediTracked/venv/lib/python3.13/site-packages/django/template/backends/django.py", line 107, in render
    return self.template.render(context)
           ~~~~~~~~~~~~~~~~~~~~^^^^^^^^^
  File "/Users/umutaraz/Desktop/Tüm hayatım burda/MediTracked/venv/lib/python3.13/site-packages/django/template/base.py", line 171, in render
    return self._render(context)
           ~~~~~~~~~~~~^^^^^^^^^
  File "/Users/umutaraz/Desktop/Tüm hayatım burda/MediTracked/venv/lib/python3.13/site-packages/django/template/base.py", line 163, in _render
    return self.nodelist.render(context)
           ~~~~~~~~~~~~~~~~~~~~^^^^^^^^^
  File "/Users/umutaraz/Desktop/Tüm hayatım burda/MediTracked/venv/lib/python3.13/site-packages/django/template/base.py", line 1016, in render
    return SafeString("".join([node.render_annotated(context) for node in self]))
                               ~~~~~~~~~~~~~~~~~~~~~^^^^^^^^^
  File "/Users/umutaraz/Desktop/Tüm hayatım burda/MediTracked/venv/lib/python3.13/site-packages/django/template/base.py", line 977, in render_annotated
    return self.render(context)
           ~~~~~~~~~~~^^^^^^^^^
  File "/Users/umutaraz/Desktop/Tüm hayatım burda/MediTracked/venv/lib/python3.13/site-packages/django/template/loader_tags.py", line 159, in render
    return compiled_parent._render(context)
           ~~~~~~~~~~~~~~~~~~~~~~~^^^^^^^^^
  File "/Users/umutaraz/Desktop/Tüm hayatım burda/MediTracked/venv/lib/python3.13/site-packages/django/template/base.py", line 163, in _render
    return self.nodelist.render(context)
           ~~~~~~~~~~~~~~~~~~~~^^^^^^^^^
  File "/Users/umutaraz/Desktop/Tüm hayatım burda/MediTracked/venv/lib/python3.13/site-packages/django/template/base.py", line 1016, in render
    return SafeString("".join([node.render_annotated(context) for node in self]))
                               ~~~~~~~~~~~~~~~~~~~~~^^^^^^^^^
  File "/Users/umutaraz/Desktop/Tüm hayatım burda/MediTracked/venv/lib/python3.13/site-packages/django/template/base.py", line 977, in render_annotated
    return self.render(context)
           ~~~~~~~~~~~^^^^^^^^^
  File "/Users/umutaraz/Desktop/Tüm hayatım burda/MediTracked/venv/lib/python3.13/site-packages/django/template/loader_tags.py", line 65, in render
    result = block.nodelist.render(context)
  File "/Users/umutaraz/Desktop/Tüm hayatım burda/MediTracked/venv/lib/python3.13/site-packages/django/template/base.py", line 1016, in render
    return SafeString("".join([node.render_annotated(context) for node in self]))
                               ~~~~~~~~~~~~~~~~~~~~~^^^^^^^^^
  File "/Users/umutaraz/Desktop/Tüm hayatım burda/MediTracked/venv/lib/python3.13/site-packages/django/template/base.py", line 977, in render_annotated
    return self.render(context)
           ~~~~~~~~~~~^^^^^^^^^
  File "/Users/umutaraz/Desktop/Tüm hayatım burda/MediTracked/venv/lib/python3.13/site-packages/django/template/defaulttags.py", line 327, in render
    return nodelist.render(context)
           ~~~~~~~~~~~~~~~^^^^^^^^^
  File "/Users/umutaraz/Desktop/Tüm hayatım burda/MediTracked/venv/lib/python3.13/site-packages/django/template/base.py", line 1016, in render
    return SafeString("".join([node.render_annotated(context) for node in self]))
                               ~~~~~~~~~~~~~~~~~~~~~^^^^^^^^^
  File "/Users/umutaraz/Desktop/Tüm hayatım burda/MediTracked/venv/lib/python3.13/site-packages/django/template/base.py", line 977, in render_annotated
    return self.render(context)
           ~~~~~~~~~~~^^^^^^^^^
  File "/Users/umutaraz/Desktop/Tüm hayatım burda/MediTracked/venv/lib/python3.13/site-packages/django/template/defaulttags.py", line 243, in render
    nodelist.append(node.render_annotated(context))
                    ~~~~~~~~~~~~~~~~~~~~~^^^^^^^^^
  File "/Users/umutaraz/Desktop/Tüm hayatım burda/MediTracked/venv/lib/python3.13/site-packages/django/template/base.py", line 977, in render_annotated
    return self.render(context)
           ~~~~~~~~~~~^^^^^^^^^
  File "/Users/umutaraz/Desktop/Tüm hayatım burda/MediTracked/venv/lib/python3.13/site-packages/django/template/defaulttags.py", line 480, in render
    url = reverse(view_name, args=args, kwargs=kwargs, current_app=current_app)
  File "/Users/umutaraz/Desktop/Tüm hayatım burda/MediTracked/venv/lib/python3.13/site-packages/django/urls/base.py", line 98, in reverse
    resolved_url = resolver._reverse_with_prefix(view, prefix, *args, **kwargs)
  File "/Users/umutaraz/Desktop/Tüm hayatım burda/MediTracked/venv/lib/python3.13/site-packages/django/urls/resolvers.py", line 831, in _reverse_with_prefix
    raise NoReverseMatch(msg)
django.urls.exceptions.NoReverseMatch: Reverse for 'patient-detail' not found. 'patient-detail' is not a valid view function or pattern name.
"GET /core/patients/ HTTP/1.1" 500 178089
"GET /core/doctors/ HTTP/1.1" 200 31421
"GET /theme/preference/ HTTP/1.1" 200 19
Internal Server Error: /telemedicine/
Traceback (most recent call last):
  File "/Users/umutaraz/Desktop/Tüm hayatım burda/MediTracked/venv/lib/python3.13/site-packages/django/core/handlers/exception.py", line 55, in inner
    response = get_response(request)
  File "/Users/umutaraz/Desktop/Tüm hayatım burda/MediTracked/venv/lib/python3.13/site-packages/django/core/handlers/base.py", line 220, in _get_response
    response = response.render()
  File "/Users/umutaraz/Desktop/Tüm hayatım burda/MediTracked/venv/lib/python3.13/site-packages/django/template/response.py", line 114, in render
    self.content = self.rendered_content
                   ^^^^^^^^^^^^^^^^^^^^^
  File "/Users/umutaraz/Desktop/Tüm hayatım burda/MediTracked/venv/lib/python3.13/site-packages/django/template/response.py", line 90, in rendered_content
    template = self.resolve_template(self.template_name)
  File "/Users/umutaraz/Desktop/Tüm hayatım burda/MediTracked/venv/lib/python3.13/site-packages/django/template/response.py", line 72, in resolve_template
    return select_template(template, using=self.using)
  File "/Users/umutaraz/Desktop/Tüm hayatım burda/MediTracked/venv/lib/python3.13/site-packages/django/template/loader.py", line 47, in select_template
    raise TemplateDoesNotExist(", ".join(template_name_list), chain=chain)
django.template.exceptions.TemplateDoesNotExist: telemedicine/consultation_list.html, telemedicine/telemedicineconsultation_list.html
"GET /telemedicine/ HTTP/1.1" 500 84612
Internal Server Error: /treatments/medical-images/
Traceback (most recent call last):
  File "/Users/umutaraz/Desktop/Tüm hayatım burda/MediTracked/venv/lib/python3.13/site-packages/django/core/handlers/exception.py", line 55, in inner
    response = get_response(request)
  File "/Users/umutaraz/Desktop/Tüm hayatım burda/MediTracked/venv/lib/python3.13/site-packages/django/core/handlers/base.py", line 220, in _get_response
    response = response.render()
  File "/Users/umutaraz/Desktop/Tüm hayatım burda/MediTracked/venv/lib/python3.13/site-packages/django/template/response.py", line 114, in render
    self.content = self.rendered_content
                   ^^^^^^^^^^^^^^^^^^^^^
  File "/Users/umutaraz/Desktop/Tüm hayatım burda/MediTracked/venv/lib/python3.13/site-packages/django/template/response.py", line 92, in rendered_content
    return template.render(context, self._request)
           ~~~~~~~~~~~~~~~^^^^^^^^^^^^^^^^^^^^^^^^
  File "/Users/umutaraz/Desktop/Tüm hayatım burda/MediTracked/venv/lib/python3.13/site-packages/django/template/backends/django.py", line 107, in render
    return self.template.render(context)
           ~~~~~~~~~~~~~~~~~~~~^^^^^^^^^
  File "/Users/umutaraz/Desktop/Tüm hayatım burda/MediTracked/venv/lib/python3.13/site-packages/django/template/base.py", line 171, in render
    return self._render(context)
           ~~~~~~~~~~~~^^^^^^^^^
  File "/Users/umutaraz/Desktop/Tüm hayatım burda/MediTracked/venv/lib/python3.13/site-packages/django/template/base.py", line 163, in _render
    return self.nodelist.render(context)
           ~~~~~~~~~~~~~~~~~~~~^^^^^^^^^
  File "/Users/umutaraz/Desktop/Tüm hayatım burda/MediTracked/venv/lib/python3.13/site-packages/django/template/base.py", line 1016, in render
    return SafeString("".join([node.render_annotated(context) for node in self]))
                               ~~~~~~~~~~~~~~~~~~~~~^^^^^^^^^
  File "/Users/umutaraz/Desktop/Tüm hayatım burda/MediTracked/venv/lib/python3.13/site-packages/django/template/base.py", line 977, in render_annotated
    return self.render(context)
           ~~~~~~~~~~~^^^^^^^^^
  File "/Users/umutaraz/Desktop/Tüm hayatım burda/MediTracked/venv/lib/python3.13/site-packages/django/template/loader_tags.py", line 159, in render
    return compiled_parent._render(context)
           ~~~~~~~~~~~~~~~~~~~~~~~^^^^^^^^^
  File "/Users/umutaraz/Desktop/Tüm hayatım burda/MediTracked/venv/lib/python3.13/site-packages/django/template/base.py", line 163, in _render
    return self.nodelist.render(context)
           ~~~~~~~~~~~~~~~~~~~~^^^^^^^^^
  File "/Users/umutaraz/Desktop/Tüm hayatım burda/MediTracked/venv/lib/python3.13/site-packages/django/template/base.py", line 1016, in render
    return SafeString("".join([node.render_annotated(context) for node in self]))
                               ~~~~~~~~~~~~~~~~~~~~~^^^^^^^^^
  File "/Users/umutaraz/Desktop/Tüm hayatım burda/MediTracked/venv/lib/python3.13/site-packages/django/template/base.py", line 977, in render_annotated
    return self.render(context)
           ~~~~~~~~~~~^^^^^^^^^
  File "/Users/umutaraz/Desktop/Tüm hayatım burda/MediTracked/venv/lib/python3.13/site-packages/django/template/loader_tags.py", line 65, in render
    result = block.nodelist.render(context)
  File "/Users/umutaraz/Desktop/Tüm hayatım burda/MediTracked/venv/lib/python3.13/site-packages/django/template/base.py", line 1016, in render
    return SafeString("".join([node.render_annotated(context) for node in self]))
                               ~~~~~~~~~~~~~~~~~~~~~^^^^^^^^^
  File "/Users/umutaraz/Desktop/Tüm hayatım burda/MediTracked/venv/lib/python3.13/site-packages/django/template/base.py", line 977, in render_annotated
    return self.render(context)
           ~~~~~~~~~~~^^^^^^^^^
  File "/Users/umutaraz/Desktop/Tüm hayatım burda/MediTracked/venv/lib/python3.13/site-packages/django/template/defaulttags.py", line 327, in render
    return nodelist.render(context)
           ~~~~~~~~~~~~~~~^^^^^^^^^
  File "/Users/umutaraz/Desktop/Tüm hayatım burda/MediTracked/venv/lib/python3.13/site-packages/django/template/base.py", line 1016, in render
    return SafeString("".join([node.render_annotated(context) for node in self]))
                               ~~~~~~~~~~~~~~~~~~~~~^^^^^^^^^
  File "/Users/umutaraz/Desktop/Tüm hayatım burda/MediTracked/venv/lib/python3.13/site-packages/django/template/base.py", line 977, in render_annotated
    return self.render(context)
           ~~~~~~~~~~~^^^^^^^^^
  File "/Users/umutaraz/Desktop/Tüm hayatım burda/MediTracked/venv/lib/python3.13/site-packages/django/template/defaulttags.py", line 327, in render
    return nodelist.render(context)
           ~~~~~~~~~~~~~~~^^^^^^^^^
  File "/Users/umutaraz/Desktop/Tüm hayatım burda/MediTracked/venv/lib/python3.13/site-packages/django/template/base.py", line 1016, in render
    return SafeString("".join([node.render_annotated(context) for node in self]))
                               ~~~~~~~~~~~~~~~~~~~~~^^^^^^^^^
  File "/Users/umutaraz/Desktop/Tüm hayatım burda/MediTracked/venv/lib/python3.13/site-packages/django/template/base.py", line 977, in render_annotated
    return self.render(context)
           ~~~~~~~~~~~^^^^^^^^^
  File "/Users/umutaraz/Desktop/Tüm hayatım burda/MediTracked/venv/lib/python3.13/site-packages/django/template/defaulttags.py", line 480, in render
    url = reverse(view_name, args=args, kwargs=kwargs, current_app=current_app)
  File "/Users/umutaraz/Desktop/Tüm hayatım burda/MediTracked/venv/lib/python3.13/site-packages/django/urls/base.py", line 98, in reverse
    resolved_url = resolver._reverse_with_prefix(view, prefix, *args, **kwargs)
  File "/Users/umutaraz/Desktop/Tüm hayatım burda/MediTracked/venv/lib/python3.13/site-packages/django/urls/resolvers.py", line 831, in _reverse_with_prefix
    raise NoReverseMatch(msg)
django.urls.exceptions.NoReverseMatch: Reverse for 'patient-list' not found. 'patient-list' is not a valid view function or pattern name.
"GET /treatments/medical-images/ HTTP/1.1" 500 186187
Internal Server Error: /dashboard/
Traceback (most recent call last):
  File "/Users/umutaraz/Desktop/Tüm hayatım burda/MediTracked/venv/lib/python3.13/site-packages/django/core/handlers/exception.py", line 55, in inner
    response = get_response(request)
  File "/Users/umutaraz/Desktop/Tüm hayatım burda/MediTracked/venv/lib/python3.13/site-packages/django/core/handlers/base.py", line 197, in _get_response
    response = wrapped_callback(request, *callback_args, **callback_kwargs)
  File "/Users/umutaraz/Desktop/Tüm hayatım burda/MediTracked/venv/lib/python3.13/site-packages/django/contrib/auth/decorators.py", line 59, in _view_wrapper
    return view_func(request, *args, **kwargs)
  File "/Users/umutaraz/Desktop/Tüm hayatım burda/MediTracked/core/views.py", line 156, in dashboard
    return render(request, 'core/doctor_dashboard.html', context)
  File "/Users/umutaraz/Desktop/Tüm hayatım burda/MediTracked/venv/lib/python3.13/site-packages/django/shortcuts.py", line 25, in render
    content = loader.render_to_string(template_name, context, request, using=using)
  File "/Users/umutaraz/Desktop/Tüm hayatım burda/MediTracked/venv/lib/python3.13/site-packages/django/template/loader.py", line 62, in render_to_string
    return template.render(context, request)
           ~~~~~~~~~~~~~~~^^^^^^^^^^^^^^^^^^
  File "/Users/umutaraz/Desktop/Tüm hayatım burda/MediTracked/venv/lib/python3.13/site-packages/django/template/backends/django.py", line 107, in render
    return self.template.render(context)
           ~~~~~~~~~~~~~~~~~~~~^^^^^^^^^
  File "/Users/umutaraz/Desktop/Tüm hayatım burda/MediTracked/venv/lib/python3.13/site-packages/django/template/base.py", line 171, in render
    return self._render(context)
           ~~~~~~~~~~~~^^^^^^^^^
  File "/Users/umutaraz/Desktop/Tüm hayatım burda/MediTracked/venv/lib/python3.13/site-packages/django/template/base.py", line 163, in _render
    return self.nodelist.render(context)
           ~~~~~~~~~~~~~~~~~~~~^^^^^^^^^
  File "/Users/umutaraz/Desktop/Tüm hayatım burda/MediTracked/venv/lib/python3.13/site-packages/django/template/base.py", line 1016, in render
    return SafeString("".join([node.render_annotated(context) for node in self]))
                               ~~~~~~~~~~~~~~~~~~~~~^^^^^^^^^
  File "/Users/umutaraz/Desktop/Tüm hayatım burda/MediTracked/venv/lib/python3.13/site-packages/django/template/base.py", line 977, in render_annotated
    return self.render(context)
           ~~~~~~~~~~~^^^^^^^^^
  File "/Users/umutaraz/Desktop/Tüm hayatım burda/MediTracked/venv/lib/python3.13/site-packages/django/template/loader_tags.py", line 159, in render
    return compiled_parent._render(context)
           ~~~~~~~~~~~~~~~~~~~~~~~^^^^^^^^^
  File "/Users/umutaraz/Desktop/Tüm hayatım burda/MediTracked/venv/lib/python3.13/site-packages/django/template/base.py", line 163, in _render
    return self.nodelist.render(context)
           ~~~~~~~~~~~~~~~~~~~~^^^^^^^^^
  File "/Users/umutaraz/Desktop/Tüm hayatım burda/MediTracked/venv/lib/python3.13/site-packages/django/template/base.py", line 1016, in render
    return SafeString("".join([node.render_annotated(context) for node in self]))
                               ~~~~~~~~~~~~~~~~~~~~~^^^^^^^^^
  File "/Users/umutaraz/Desktop/Tüm hayatım burda/MediTracked/venv/lib/python3.13/site-packages/django/template/base.py", line 977, in render_annotated
    return self.render(context)
           ~~~~~~~~~~~^^^^^^^^^
  File "/Users/umutaraz/Desktop/Tüm hayatım burda/MediTracked/venv/lib/python3.13/site-packages/django/template/loader_tags.py", line 65, in render
    result = block.nodelist.render(context)
  File "/Users/umutaraz/Desktop/Tüm hayatım burda/MediTracked/venv/lib/python3.13/site-packages/django/template/base.py", line 1016, in render
    return SafeString("".join([node.render_annotated(context) for node in self]))
                               ~~~~~~~~~~~~~~~~~~~~~^^^^^^^^^
  File "/Users/umutaraz/Desktop/Tüm hayatım burda/MediTracked/venv/lib/python3.13/site-packages/django/template/base.py", line 977, in render_annotated
    return self.render(context)
           ~~~~~~~~~~~^^^^^^^^^
  File "/Users/umutaraz/Desktop/Tüm hayatım burda/MediTracked/venv/lib/python3.13/site-packages/django/template/defaulttags.py", line 480, in render
    url = reverse(view_name, args=args, kwargs=kwargs, current_app=current_app)
  File "/Users/umutaraz/Desktop/Tüm hayatım burda/MediTracked/venv/lib/python3.13/site-packages/django/urls/base.py", line 98, in reverse
    resolved_url = resolver._reverse_with_prefix(view, prefix, *args, **kwargs)
  File "/Users/umutaraz/Desktop/Tüm hayatım burda/MediTracked/venv/lib/python3.13/site-packages/django/urls/resolvers.py", line 831, in _reverse_with_prefix
    raise NoReverseMatch(msg)
django.urls.exceptions.NoReverseMatch: Reverse for 'appointment-list' not found. 'appointment-list' is not a valid view function or pattern name.
"GET /dashboard/ HTTP/1.1" 500 171784
Internal Server Error: /dashboard/
Traceback (most recent call last):
  File "/Users/umutaraz/Desktop/Tüm hayatım burda/MediTracked/venv/lib/python3.13/site-packages/django/core/handlers/exception.py", line 55, in inner
    response = get_response(request)
  File "/Users/umutaraz/Desktop/Tüm hayatım burda/MediTracked/venv/lib/python3.13/site-packages/django/core/handlers/base.py", line 197, in _get_response
    response = wrapped_callback(request, *callback_args, **callback_kwargs)
  File "/Users/umutaraz/Desktop/Tüm hayatım burda/MediTracked/venv/lib/python3.13/site-packages/django/contrib/auth/decorators.py", line 59, in _view_wrapper
    return view_func(request, *args, **kwargs)
  File "/Users/umutaraz/Desktop/Tüm hayatım burda/MediTracked/core/views.py", line 156, in dashboard
    return render(request, 'core/doctor_dashboard.html', context)
  File "/Users/umutaraz/Desktop/Tüm hayatım burda/MediTracked/venv/lib/python3.13/site-packages/django/shortcuts.py", line 25, in render
    content = loader.render_to_string(template_name, context, request, using=using)
  File "/Users/umutaraz/Desktop/Tüm hayatım burda/MediTracked/venv/lib/python3.13/site-packages/django/template/loader.py", line 62, in render_to_string
    return template.render(context, request)
           ~~~~~~~~~~~~~~~^^^^^^^^^^^^^^^^^^
  File "/Users/umutaraz/Desktop/Tüm hayatım burda/MediTracked/venv/lib/python3.13/site-packages/django/template/backends/django.py", line 107, in render
    return self.template.render(context)
           ~~~~~~~~~~~~~~~~~~~~^^^^^^^^^
  File "/Users/umutaraz/Desktop/Tüm hayatım burda/MediTracked/venv/lib/python3.13/site-packages/django/template/base.py", line 171, in render
    return self._render(context)
           ~~~~~~~~~~~~^^^^^^^^^
  File "/Users/umutaraz/Desktop/Tüm hayatım burda/MediTracked/venv/lib/python3.13/site-packages/django/template/base.py", line 163, in _render
    return self.nodelist.render(context)
           ~~~~~~~~~~~~~~~~~~~~^^^^^^^^^
  File "/Users/umutaraz/Desktop/Tüm hayatım burda/MediTracked/venv/lib/python3.13/site-packages/django/template/base.py", line 1016, in render
    return SafeString("".join([node.render_annotated(context) for node in self]))
                               ~~~~~~~~~~~~~~~~~~~~~^^^^^^^^^
  File "/Users/umutaraz/Desktop/Tüm hayatım burda/MediTracked/venv/lib/python3.13/site-packages/django/template/base.py", line 977, in render_annotated
    return self.render(context)
           ~~~~~~~~~~~^^^^^^^^^
  File "/Users/umutaraz/Desktop/Tüm hayatım burda/MediTracked/venv/lib/python3.13/site-packages/django/template/loader_tags.py", line 159, in render
    return compiled_parent._render(context)
           ~~~~~~~~~~~~~~~~~~~~~~~^^^^^^^^^
  File "/Users/umutaraz/Desktop/Tüm hayatım burda/MediTracked/venv/lib/python3.13/site-packages/django/template/base.py", line 163, in _render
    return self.nodelist.render(context)
           ~~~~~~~~~~~~~~~~~~~~^^^^^^^^^
  File "/Users/umutaraz/Desktop/Tüm hayatım burda/MediTracked/venv/lib/python3.13/site-packages/django/template/base.py", line 1016, in render
    return SafeString("".join([node.render_annotated(context) for node in self]))
                               ~~~~~~~~~~~~~~~~~~~~~^^^^^^^^^
  File "/Users/umutaraz/Desktop/Tüm hayatım burda/MediTracked/venv/lib/python3.13/site-packages/django/template/base.py", line 977, in render_annotated
    return self.render(context)
           ~~~~~~~~~~~^^^^^^^^^
  File "/Users/umutaraz/Desktop/Tüm hayatım burda/MediTracked/venv/lib/python3.13/site-packages/django/template/loader_tags.py", line 65, in render
    result = block.nodelist.render(context)
  File "/Users/umutaraz/Desktop/Tüm hayatım burda/MediTracked/venv/lib/python3.13/site-packages/django/template/base.py", line 1016, in render
    return SafeString("".join([node.render_annotated(context) for node in self]))
                               ~~~~~~~~~~~~~~~~~~~~~^^^^^^^^^
  File "/Users/umutaraz/Desktop/Tüm hayatım burda/MediTracked/venv/lib/python3.13/site-packages/django/template/base.py", line 977, in render_annotated
    return self.render(context)
           ~~~~~~~~~~~^^^^^^^^^
  File "/Users/umutaraz/Desktop/Tüm hayatım burda/MediTracked/venv/lib/python3.13/site-packages/django/template/defaulttags.py", line 327, in render
    return nodelist.render(context)
           ~~~~~~~~~~~~~~~^^^^^^^^^
  File "/Users/umutaraz/Desktop/Tüm hayatım burda/MediTracked/venv/lib/python3.13/site-packages/django/template/base.py", line 1016, in render
    return SafeString("".join([node.render_annotated(context) for node in self]))
                               ~~~~~~~~~~~~~~~~~~~~~^^^^^^^^^
  File "/Users/umutaraz/Desktop/Tüm hayatım burda/MediTracked/venv/lib/python3.13/site-packages/django/template/base.py", line 977, in render_annotated
    return self.render(context)
           ~~~~~~~~~~~^^^^^^^^^
  File "/Users/umutaraz/Desktop/Tüm hayatım burda/MediTracked/venv/lib/python3.13/site-packages/django/template/defaulttags.py", line 243, in render
    nodelist.append(node.render_annotated(context))
                    ~~~~~~~~~~~~~~~~~~~~~^^^^^^^^^
  File "/Users/umutaraz/Desktop/Tüm hayatım burda/MediTracked/venv/lib/python3.13/site-packages/django/template/base.py", line 977, in render_annotated
    return self.render(context)
           ~~~~~~~~~~~^^^^^^^^^
  File "/Users/umutaraz/Desktop/Tüm hayatım burda/MediTracked/venv/lib/python3.13/site-packages/django/template/defaulttags.py", line 480, in render
    url = reverse(view_name, args=args, kwargs=kwargs, current_app=current_app)
  File "/Users/umutaraz/Desktop/Tüm hayatım burda/MediTracked/venv/lib/python3.13/site-packages/django/urls/base.py", line 98, in reverse
    resolved_url = resolver._reverse_with_prefix(view, prefix, *args, **kwargs)
  File "/Users/umutaraz/Desktop/Tüm hayatım burda/MediTracked/venv/lib/python3.13/site-packages/django/urls/resolvers.py", line 831, in _reverse_with_prefix
    raise NoReverseMatch(msg)
django.urls.exceptions.NoReverseMatch: Reverse for 'patient-detail' not found. 'patient-detail' is not a valid view function or pattern name.
"GET /dashboard/ HTTP/1.1" 500 199800
Internal Server Error: /appointments/calendar/
Traceback (most recent call last):
  File "/Users/umutaraz/Desktop/Tüm hayatım burda/MediTracked/venv/lib/python3.13/site-packages/django/core/handlers/exception.py", line 55, in inner
    response = get_response(request)
  File "/Users/umutaraz/Desktop/Tüm hayatım burda/MediTracked/venv/lib/python3.13/site-packages/django/core/handlers/base.py", line 220, in _get_response
    response = response.render()
  File "/Users/umutaraz/Desktop/Tüm hayatım burda/MediTracked/venv/lib/python3.13/site-packages/django/template/response.py", line 114, in render
    self.content = self.rendered_content
                   ^^^^^^^^^^^^^^^^^^^^^
  File "/Users/umutaraz/Desktop/Tüm hayatım burda/MediTracked/venv/lib/python3.13/site-packages/django/template/response.py", line 92, in rendered_content
    return template.render(context, self._request)
           ~~~~~~~~~~~~~~~^^^^^^^^^^^^^^^^^^^^^^^^
  File "/Users/umutaraz/Desktop/Tüm hayatım burda/MediTracked/venv/lib/python3.13/site-packages/django/template/backends/django.py", line 107, in render
    return self.template.render(context)
           ~~~~~~~~~~~~~~~~~~~~^^^^^^^^^
  File "/Users/umutaraz/Desktop/Tüm hayatım burda/MediTracked/venv/lib/python3.13/site-packages/django/template/base.py", line 171, in render
    return self._render(context)
           ~~~~~~~~~~~~^^^^^^^^^
  File "/Users/umutaraz/Desktop/Tüm hayatım burda/MediTracked/venv/lib/python3.13/site-packages/django/template/base.py", line 163, in _render
    return self.nodelist.render(context)
           ~~~~~~~~~~~~~~~~~~~~^^^^^^^^^
  File "/Users/umutaraz/Desktop/Tüm hayatım burda/MediTracked/venv/lib/python3.13/site-packages/django/template/base.py", line 1016, in render
    return SafeString("".join([node.render_annotated(context) for node in self]))
                               ~~~~~~~~~~~~~~~~~~~~~^^^^^^^^^
  File "/Users/umutaraz/Desktop/Tüm hayatım burda/MediTracked/venv/lib/python3.13/site-packages/django/template/base.py", line 977, in render_annotated
    return self.render(context)
           ~~~~~~~~~~~^^^^^^^^^
  File "/Users/umutaraz/Desktop/Tüm hayatım burda/MediTracked/venv/lib/python3.13/site-packages/django/template/loader_tags.py", line 159, in render
    return compiled_parent._render(context)
           ~~~~~~~~~~~~~~~~~~~~~~~^^^^^^^^^
  File "/Users/umutaraz/Desktop/Tüm hayatım burda/MediTracked/venv/lib/python3.13/site-packages/django/template/base.py", line 163, in _render
    return self.nodelist.render(context)
           ~~~~~~~~~~~~~~~~~~~~^^^^^^^^^
  File "/Users/umutaraz/Desktop/Tüm hayatım burda/MediTracked/venv/lib/python3.13/site-packages/django/template/base.py", line 1016, in render
    return SafeString("".join([node.render_annotated(context) for node in self]))
                               ~~~~~~~~~~~~~~~~~~~~~^^^^^^^^^
  File "/Users/umutaraz/Desktop/Tüm hayatım burda/MediTracked/venv/lib/python3.13/site-packages/django/template/base.py", line 977, in render_annotated
    return self.render(context)
           ~~~~~~~~~~~^^^^^^^^^
  File "/Users/umutaraz/Desktop/Tüm hayatım burda/MediTracked/venv/lib/python3.13/site-packages/django/template/loader_tags.py", line 65, in render
    result = block.nodelist.render(context)
  File "/Users/umutaraz/Desktop/Tüm hayatım burda/MediTracked/venv/lib/python3.13/site-packages/django/template/base.py", line 1016, in render
    return SafeString("".join([node.render_annotated(context) for node in self]))
                               ~~~~~~~~~~~~~~~~~~~~~^^^^^^^^^
  File "/Users/umutaraz/Desktop/Tüm hayatım burda/MediTracked/venv/lib/python3.13/site-packages/django/template/base.py", line 977, in render_annotated
    return self.render(context)
           ~~~~~~~~~~~^^^^^^^^^
  File "/Users/umutaraz/Desktop/Tüm hayatım burda/MediTracked/venv/lib/python3.13/site-packages/django/template/defaulttags.py", line 327, in render
    return nodelist.render(context)
           ~~~~~~~~~~~~~~~^^^^^^^^^
  File "/Users/umutaraz/Desktop/Tüm hayatım burda/MediTracked/venv/lib/python3.13/site-packages/django/template/base.py", line 1016, in render
    return SafeString("".join([node.render_annotated(context) for node in self]))
                               ~~~~~~~~~~~~~~~~~~~~~^^^^^^^^^
  File "/Users/umutaraz/Desktop/Tüm hayatım burda/MediTracked/venv/lib/python3.13/site-packages/django/template/base.py", line 977, in render_annotated
    return self.render(context)
           ~~~~~~~~~~~^^^^^^^^^
  File "/Users/umutaraz/Desktop/Tüm hayatım burda/MediTracked/venv/lib/python3.13/site-packages/django/template/defaulttags.py", line 480, in render
    url = reverse(view_name, args=args, kwargs=kwargs, current_app=current_app)
  File "/Users/umutaraz/Desktop/Tüm hayatım burda/MediTracked/venv/lib/python3.13/site-packages/django/urls/base.py", line 98, in reverse
    resolved_url = resolver._reverse_with_prefix(view, prefix, *args, **kwargs)
  File "/Users/umutaraz/Desktop/Tüm hayatım burda/MediTracked/venv/lib/python3.13/site-packages/django/urls/resolvers.py", line 831, in _reverse_with_prefix
    raise NoReverseMatch(msg)
django.urls.exceptions.NoReverseMatch: Reverse for 'appointment-create' not found. 'appointment-create' is not a valid view function or pattern name.
"GET /appointments/calendar/ HTTP/1.1" 500 171420
Internal Server Error: /dashboard/
Traceback (most recent call last):
  File "/Users/umutaraz/Desktop/Tüm hayatım burda/MediTracked/venv/lib/python3.13/site-packages/django/core/handlers/exception.py", line 55, in inner
    response = get_response(request)
  File "/Users/umutaraz/Desktop/Tüm hayatım burda/MediTracked/venv/lib/python3.13/site-packages/django/core/handlers/base.py", line 197, in _get_response
    response = wrapped_callback(request, *callback_args, **callback_kwargs)
  File "/Users/umutaraz/Desktop/Tüm hayatım burda/MediTracked/venv/lib/python3.13/site-packages/django/contrib/auth/decorators.py", line 59, in _view_wrapper
    return view_func(request, *args, **kwargs)
  File "/Users/umutaraz/Desktop/Tüm hayatım burda/MediTracked/core/views.py", line 156, in dashboard
    return render(request, 'core/doctor_dashboard.html', context)
  File "/Users/umutaraz/Desktop/Tüm hayatım burda/MediTracked/venv/lib/python3.13/site-packages/django/shortcuts.py", line 25, in render
    content = loader.render_to_string(template_name, context, request, using=using)
  File "/Users/umutaraz/Desktop/Tüm hayatım burda/MediTracked/venv/lib/python3.13/site-packages/django/template/loader.py", line 62, in render_to_string
    return template.render(context, request)
           ~~~~~~~~~~~~~~~^^^^^^^^^^^^^^^^^^
  File "/Users/umutaraz/Desktop/Tüm hayatım burda/MediTracked/venv/lib/python3.13/site-packages/django/template/backends/django.py", line 107, in render
    return self.template.render(context)
           ~~~~~~~~~~~~~~~~~~~~^^^^^^^^^
  File "/Users/umutaraz/Desktop/Tüm hayatım burda/MediTracked/venv/lib/python3.13/site-packages/django/template/base.py", line 171, in render
    return self._render(context)
           ~~~~~~~~~~~~^^^^^^^^^
  File "/Users/umutaraz/Desktop/Tüm hayatım burda/MediTracked/venv/lib/python3.13/site-packages/django/template/base.py", line 163, in _render
    return self.nodelist.render(context)
           ~~~~~~~~~~~~~~~~~~~~^^^^^^^^^
  File "/Users/umutaraz/Desktop/Tüm hayatım burda/MediTracked/venv/lib/python3.13/site-packages/django/template/base.py", line 1016, in render
    return SafeString("".join([node.render_annotated(context) for node in self]))
                               ~~~~~~~~~~~~~~~~~~~~~^^^^^^^^^
  File "/Users/umutaraz/Desktop/Tüm hayatım burda/MediTracked/venv/lib/python3.13/site-packages/django/template/base.py", line 977, in render_annotated
    return self.render(context)
           ~~~~~~~~~~~^^^^^^^^^
  File "/Users/umutaraz/Desktop/Tüm hayatım burda/MediTracked/venv/lib/python3.13/site-packages/django/template/loader_tags.py", line 159, in render
    return compiled_parent._render(context)
           ~~~~~~~~~~~~~~~~~~~~~~~^^^^^^^^^
  File "/Users/umutaraz/Desktop/Tüm hayatım burda/MediTracked/venv/lib/python3.13/site-packages/django/template/base.py", line 163, in _render
    return self.nodelist.render(context)
           ~~~~~~~~~~~~~~~~~~~~^^^^^^^^^
  File "/Users/umutaraz/Desktop/Tüm hayatım burda/MediTracked/venv/lib/python3.13/site-packages/django/template/base.py", line 1016, in render
    return SafeString("".join([node.render_annotated(context) for node in self]))
                               ~~~~~~~~~~~~~~~~~~~~~^^^^^^^^^
  File "/Users/umutaraz/Desktop/Tüm hayatım burda/MediTracked/venv/lib/python3.13/site-packages/django/template/base.py", line 977, in render_annotated
    return self.render(context)
           ~~~~~~~~~~~^^^^^^^^^
  File "/Users/umutaraz/Desktop/Tüm hayatım burda/MediTracked/venv/lib/python3.13/site-packages/django/template/loader_tags.py", line 65, in render
    result = block.nodelist.render(context)
  File "/Users/umutaraz/Desktop/Tüm hayatım burda/MediTracked/venv/lib/python3.13/site-packages/django/template/base.py", line 1016, in render
    return SafeString("".join([node.render_annotated(context) for node in self]))
                               ~~~~~~~~~~~~~~~~~~~~~^^^^^^^^^
  File "/Users/umutaraz/Desktop/Tüm hayatım burda/MediTracked/venv/lib/python3.13/site-packages/django/template/base.py", line 977, in render_annotated
    return self.render(context)
           ~~~~~~~~~~~^^^^^^^^^
  File "/Users/umutaraz/Desktop/Tüm hayatım burda/MediTracked/venv/lib/python3.13/site-packages/django/template/defaulttags.py", line 327, in render
    return nodelist.render(context)
           ~~~~~~~~~~~~~~~^^^^^^^^^
  File "/Users/umutaraz/Desktop/Tüm hayatım burda/MediTracked/venv/lib/python3.13/site-packages/django/template/base.py", line 1016, in render
    return SafeString("".join([node.render_annotated(context) for node in self]))
                               ~~~~~~~~~~~~~~~~~~~~~^^^^^^^^^
  File "/Users/umutaraz/Desktop/Tüm hayatım burda/MediTracked/venv/lib/python3.13/site-packages/django/template/base.py", line 977, in render_annotated
    return self.render(context)
           ~~~~~~~~~~~^^^^^^^^^
  File "/Users/umutaraz/Desktop/Tüm hayatım burda/MediTracked/venv/lib/python3.13/site-packages/django/template/defaulttags.py", line 243, in render
    nodelist.append(node.render_annotated(context))
                    ~~~~~~~~~~~~~~~~~~~~~^^^^^^^^^
  File "/Users/umutaraz/Desktop/Tüm hayatım burda/MediTracked/venv/lib/python3.13/site-packages/django/template/base.py", line 977, in render_annotated
    return self.render(context)
           ~~~~~~~~~~~^^^^^^^^^
  File "/Users/umutaraz/Desktop/Tüm hayatım burda/MediTracked/venv/lib/python3.13/site-packages/django/template/defaulttags.py", line 480, in render
    url = reverse(view_name, args=args, kwargs=kwargs, current_app=current_app)
  File "/Users/umutaraz/Desktop/Tüm hayatım burda/MediTracked/venv/lib/python3.13/site-packages/django/urls/base.py", line 98, in reverse
    resolved_url = resolver._reverse_with_prefix(view, prefix, *args, **kwargs)
  File "/Users/umutaraz/Desktop/Tüm hayatım burda/MediTracked/venv/lib/python3.13/site-packages/django/urls/resolvers.py", line 831, in _reverse_with_prefix
    raise NoReverseMatch(msg)
django.urls.exceptions.NoReverseMatch: Reverse for 'patient-detail' not found. 'patient-detail' is not a valid view function or pattern name.
"GET /dashboard/ HTTP/1.1" 500 199800
Internal Server Error: /
Traceback (most recent call last):
  File "/Users/umutaraz/Desktop/Tüm hayatım burda/MediTracked/venv/lib/python3.13/site-packages/django/template/defaulttags.py", line 1035, in find_library
    return parser.libraries[name]
           ~~~~~~~~~~~~~~~~^^^^^^
KeyError: 'url_tags'

During handling of the above exception, another exception occurred:

Traceback (most recent call last):
  File "/Users/umutaraz/Desktop/Tüm hayatım burda/MediTracked/venv/lib/python3.13/site-packages/django/core/handlers/exception.py", line 55, in inner
    response = get_response(request)
  File "/Users/umutaraz/Desktop/Tüm hayatım burda/MediTracked/venv/lib/python3.13/site-packages/django/core/handlers/base.py", line 220, in _get_response
    response = response.render()
  File "/Users/umutaraz/Desktop/Tüm hayatım burda/MediTracked/venv/lib/python3.13/site-packages/django/template/response.py", line 114, in render
    self.content = self.rendered_content
                   ^^^^^^^^^^^^^^^^^^^^^
  File "/Users/umutaraz/Desktop/Tüm hayatım burda/MediTracked/venv/lib/python3.13/site-packages/django/template/response.py", line 90, in rendered_content
    template = self.resolve_template(self.template_name)
  File "/Users/umutaraz/Desktop/Tüm hayatım burda/MediTracked/venv/lib/python3.13/site-packages/django/template/response.py", line 72, in resolve_template
    return select_template(template, using=self.using)
  File "/Users/umutaraz/Desktop/Tüm hayatım burda/MediTracked/venv/lib/python3.13/site-packages/django/template/loader.py", line 42, in select_template
    return engine.get_template(template_name)
           ~~~~~~~~~~~~~~~~~~~^^^^^^^^^^^^^^^
  File "/Users/umutaraz/Desktop/Tüm hayatım burda/MediTracked/venv/lib/python3.13/site-packages/django/template/backends/django.py", line 79, in get_template
    return Template(self.engine.get_template(template_name), self)
                    ~~~~~~~~~~~~~~~~~~~~~~~~^^^^^^^^^^^^^^^
  File "/Users/umutaraz/Desktop/Tüm hayatım burda/MediTracked/venv/lib/python3.13/site-packages/django/template/engine.py", line 177, in get_template
    template, origin = self.find_template(template_name)
                       ~~~~~~~~~~~~~~~~~~^^^^^^^^^^^^^^^
  File "/Users/umutaraz/Desktop/Tüm hayatım burda/MediTracked/venv/lib/python3.13/site-packages/django/template/engine.py", line 159, in find_template
    template = loader.get_template(name, skip=skip)
  File "/Users/umutaraz/Desktop/Tüm hayatım burda/MediTracked/venv/lib/python3.13/site-packages/django/template/loaders/cached.py", line 57, in get_template
    template = super().get_template(template_name, skip)
  File "/Users/umutaraz/Desktop/Tüm hayatım burda/MediTracked/venv/lib/python3.13/site-packages/django/template/loaders/base.py", line 28, in get_template
    return Template(
        contents,
    ...<2 lines>...
        self.engine,
    )
  File "/Users/umutaraz/Desktop/Tüm hayatım burda/MediTracked/venv/lib/python3.13/site-packages/django/template/base.py", line 154, in __init__
    self.nodelist = self.compile_nodelist()
                    ~~~~~~~~~~~~~~~~~~~~~^^
  File "/Users/umutaraz/Desktop/Tüm hayatım burda/MediTracked/venv/lib/python3.13/site-packages/django/template/base.py", line 196, in compile_nodelist
    nodelist = parser.parse()
  File "/Users/umutaraz/Desktop/Tüm hayatım burda/MediTracked/venv/lib/python3.13/site-packages/django/template/base.py", line 518, in parse
    raise self.error(token, e)
  File "/Users/umutaraz/Desktop/Tüm hayatım burda/MediTracked/venv/lib/python3.13/site-packages/django/template/base.py", line 516, in parse
    compiled_result = compile_func(self, token)
  File "/Users/umutaraz/Desktop/Tüm hayatım burda/MediTracked/venv/lib/python3.13/site-packages/django/template/loader_tags.py", line 299, in do_extends
    nodelist = parser.parse()
  File "/Users/umutaraz/Desktop/Tüm hayatım burda/MediTracked/venv/lib/python3.13/site-packages/django/template/base.py", line 518, in parse
    raise self.error(token, e)
  File "/Users/umutaraz/Desktop/Tüm hayatım burda/MediTracked/venv/lib/python3.13/site-packages/django/template/base.py", line 516, in parse
    compiled_result = compile_func(self, token)
  File "/Users/umutaraz/Desktop/Tüm hayatım burda/MediTracked/venv/lib/python3.13/site-packages/django/template/defaulttags.py", line 1097, in load
    lib = find_library(parser, name)
  File "/Users/umutaraz/Desktop/Tüm hayatım burda/MediTracked/venv/lib/python3.13/site-packages/django/template/defaulttags.py", line 1037, in find_library
    raise TemplateSyntaxError(
    ...<5 lines>...
    )
django.template.exceptions.TemplateSyntaxError: 'url_tags' is not a registered tag library. Must be one of:
admin_list
admin_modify
admin_urls
cache
i18n
l10n
log
rest_framework
static
tz
unfold
unfold_list
"GET / HTTP/1.1" 500 210453
Internal Server Error: /
Traceback (most recent call last):
  File "/Users/umutaraz/Desktop/Tüm hayatım burda/MediTracked/venv/lib/python3.13/site-packages/django/template/base.py", line 510, in parse
    compile_func = self.tags[command]
                   ~~~~~~~~~^^^^^^^^^
KeyError: 'namespaced_url'

During handling of the above exception, another exception occurred:

Traceback (most recent call last):
  File "/Users/umutaraz/Desktop/Tüm hayatım burda/MediTracked/venv/lib/python3.13/site-packages/django/core/handlers/exception.py", line 55, in inner
    response = get_response(request)
  File "/Users/umutaraz/Desktop/Tüm hayatım burda/MediTracked/venv/lib/python3.13/site-packages/django/core/handlers/base.py", line 220, in _get_response
    response = response.render()
  File "/Users/umutaraz/Desktop/Tüm hayatım burda/MediTracked/venv/lib/python3.13/site-packages/django/template/response.py", line 114, in render
    self.content = self.rendered_content
                   ^^^^^^^^^^^^^^^^^^^^^
  File "/Users/umutaraz/Desktop/Tüm hayatım burda/MediTracked/venv/lib/python3.13/site-packages/django/template/response.py", line 90, in rendered_content
    template = self.resolve_template(self.template_name)
  File "/Users/umutaraz/Desktop/Tüm hayatım burda/MediTracked/venv/lib/python3.13/site-packages/django/template/response.py", line 72, in resolve_template
    return select_template(template, using=self.using)
  File "/Users/umutaraz/Desktop/Tüm hayatım burda/MediTracked/venv/lib/python3.13/site-packages/django/template/loader.py", line 42, in select_template
    return engine.get_template(template_name)
           ~~~~~~~~~~~~~~~~~~~^^^^^^^^^^^^^^^
  File "/Users/umutaraz/Desktop/Tüm hayatım burda/MediTracked/venv/lib/python3.13/site-packages/django/template/backends/django.py", line 79, in get_template
    return Template(self.engine.get_template(template_name), self)
                    ~~~~~~~~~~~~~~~~~~~~~~~~^^^^^^^^^^^^^^^
  File "/Users/umutaraz/Desktop/Tüm hayatım burda/MediTracked/venv/lib/python3.13/site-packages/django/template/engine.py", line 177, in get_template
    template, origin = self.find_template(template_name)
                       ~~~~~~~~~~~~~~~~~~^^^^^^^^^^^^^^^
  File "/Users/umutaraz/Desktop/Tüm hayatım burda/MediTracked/venv/lib/python3.13/site-packages/django/template/engine.py", line 159, in find_template
    template = loader.get_template(name, skip=skip)
  File "/Users/umutaraz/Desktop/Tüm hayatım burda/MediTracked/venv/lib/python3.13/site-packages/django/template/loaders/cached.py", line 57, in get_template
    template = super().get_template(template_name, skip)
  File "/Users/umutaraz/Desktop/Tüm hayatım burda/MediTracked/venv/lib/python3.13/site-packages/django/template/loaders/base.py", line 28, in get_template
    return Template(
        contents,
    ...<2 lines>...
        self.engine,
    )
  File "/Users/umutaraz/Desktop/Tüm hayatım burda/MediTracked/venv/lib/python3.13/site-packages/django/template/base.py", line 154, in __init__
    self.nodelist = self.compile_nodelist()
                    ~~~~~~~~~~~~~~~~~~~~~^^
  File "/Users/umutaraz/Desktop/Tüm hayatım burda/MediTracked/venv/lib/python3.13/site-packages/django/template/base.py", line 196, in compile_nodelist
    nodelist = parser.parse()
  File "/Users/umutaraz/Desktop/Tüm hayatım burda/MediTracked/venv/lib/python3.13/site-packages/django/template/base.py", line 518, in parse
    raise self.error(token, e)
  File "/Users/umutaraz/Desktop/Tüm hayatım burda/MediTracked/venv/lib/python3.13/site-packages/django/template/base.py", line 516, in parse
    compiled_result = compile_func(self, token)
  File "/Users/umutaraz/Desktop/Tüm hayatım burda/MediTracked/venv/lib/python3.13/site-packages/django/template/loader_tags.py", line 299, in do_extends
    nodelist = parser.parse()
  File "/Users/umutaraz/Desktop/Tüm hayatım burda/MediTracked/venv/lib/python3.13/site-packages/django/template/base.py", line 518, in parse
    raise self.error(token, e)
  File "/Users/umutaraz/Desktop/Tüm hayatım burda/MediTracked/venv/lib/python3.13/site-packages/django/template/base.py", line 516, in parse
    compiled_result = compile_func(self, token)
  File "/Users/umutaraz/Desktop/Tüm hayatım burda/MediTracked/venv/lib/python3.13/site-packages/django/template/loader_tags.py", line 234, in do_block
    nodelist = parser.parse(("endblock",))
  File "/Users/umutaraz/Desktop/Tüm hayatım burda/MediTracked/venv/lib/python3.13/site-packages/django/template/base.py", line 518, in parse
    raise self.error(token, e)
  File "/Users/umutaraz/Desktop/Tüm hayatım burda/MediTracked/venv/lib/python3.13/site-packages/django/template/base.py", line 516, in parse
    compiled_result = compile_func(self, token)
  File "/Users/umutaraz/Desktop/Tüm hayatım burda/MediTracked/venv/lib/python3.13/site-packages/django/template/defaulttags.py", line 962, in do_if
    nodelist = parser.parse(("elif", "else", "endif"))
  File "/Users/umutaraz/Desktop/Tüm hayatım burda/MediTracked/venv/lib/python3.13/site-packages/django/template/base.py", line 518, in parse
    raise self.error(token, e)
  File "/Users/umutaraz/Desktop/Tüm hayatım burda/MediTracked/venv/lib/python3.13/site-packages/django/template/base.py", line 516, in parse
    compiled_result = compile_func(self, token)
  File "/Users/umutaraz/Desktop/Tüm hayatım burda/MediTracked/venv/lib/python3.13/site-packages/django/template/defaulttags.py", line 962, in do_if
    nodelist = parser.parse(("elif", "else", "endif"))
  File "/Users/umutaraz/Desktop/Tüm hayatım burda/MediTracked/venv/lib/python3.13/site-packages/django/template/base.py", line 512, in parse
    self.invalid_block_tag(token, command, parse_until)
    ~~~~~~~~~~~~~~~~~~~~~~^^^^^^^^^^^^^^^^^^^^^^^^^^^^^
  File "/Users/umutaraz/Desktop/Tüm hayatım burda/MediTracked/venv/lib/python3.13/site-packages/django/template/base.py", line 567, in invalid_block_tag
    raise self.error(
    ...<8 lines>...
    )
django.template.exceptions.TemplateSyntaxError: Invalid block tag on line 92: 'namespaced_url', expected 'elif', 'else' or 'endif'. Did you forget to register or load this tag?
"GET / HTTP/1.1" 500 260526
Internal Server Error: /
Traceback (most recent call last):
  File "/Users/umutaraz/Desktop/Tüm hayatım burda/MediTracked/venv/lib/python3.13/site-packages/django/template/base.py", line 510, in parse
    compile_func = self.tags[command]
                   ~~~~~~~~~^^^^^^^^^
KeyError: 'namespaced_url'

During handling of the above exception, another exception occurred:

Traceback (most recent call last):
  File "/Users/umutaraz/Desktop/Tüm hayatım burda/MediTracked/venv/lib/python3.13/site-packages/django/core/handlers/exception.py", line 55, in inner
    response = get_response(request)
  File "/Users/umutaraz/Desktop/Tüm hayatım burda/MediTracked/venv/lib/python3.13/site-packages/django/core/handlers/base.py", line 220, in _get_response
    response = response.render()
  File "/Users/umutaraz/Desktop/Tüm hayatım burda/MediTracked/venv/lib/python3.13/site-packages/django/template/response.py", line 114, in render
    self.content = self.rendered_content
                   ^^^^^^^^^^^^^^^^^^^^^
  File "/Users/umutaraz/Desktop/Tüm hayatım burda/MediTracked/venv/lib/python3.13/site-packages/django/template/response.py", line 90, in rendered_content
    template = self.resolve_template(self.template_name)
  File "/Users/umutaraz/Desktop/Tüm hayatım burda/MediTracked/venv/lib/python3.13/site-packages/django/template/response.py", line 72, in resolve_template
    return select_template(template, using=self.using)
  File "/Users/umutaraz/Desktop/Tüm hayatım burda/MediTracked/venv/lib/python3.13/site-packages/django/template/loader.py", line 42, in select_template
    return engine.get_template(template_name)
           ~~~~~~~~~~~~~~~~~~~^^^^^^^^^^^^^^^
  File "/Users/umutaraz/Desktop/Tüm hayatım burda/MediTracked/venv/lib/python3.13/site-packages/django/template/backends/django.py", line 79, in get_template
    return Template(self.engine.get_template(template_name), self)
                    ~~~~~~~~~~~~~~~~~~~~~~~~^^^^^^^^^^^^^^^
  File "/Users/umutaraz/Desktop/Tüm hayatım burda/MediTracked/venv/lib/python3.13/site-packages/django/template/engine.py", line 177, in get_template
    template, origin = self.find_template(template_name)
                       ~~~~~~~~~~~~~~~~~~^^^^^^^^^^^^^^^
  File "/Users/umutaraz/Desktop/Tüm hayatım burda/MediTracked/venv/lib/python3.13/site-packages/django/template/engine.py", line 159, in find_template
    template = loader.get_template(name, skip=skip)
  File "/Users/umutaraz/Desktop/Tüm hayatım burda/MediTracked/venv/lib/python3.13/site-packages/django/template/loaders/cached.py", line 57, in get_template
    template = super().get_template(template_name, skip)
  File "/Users/umutaraz/Desktop/Tüm hayatım burda/MediTracked/venv/lib/python3.13/site-packages/django/template/loaders/base.py", line 28, in get_template
    return Template(
        contents,
    ...<2 lines>...
        self.engine,
    )
  File "/Users/umutaraz/Desktop/Tüm hayatım burda/MediTracked/venv/lib/python3.13/site-packages/django/template/base.py", line 154, in __init__
    self.nodelist = self.compile_nodelist()
                    ~~~~~~~~~~~~~~~~~~~~~^^
  File "/Users/umutaraz/Desktop/Tüm hayatım burda/MediTracked/venv/lib/python3.13/site-packages/django/template/base.py", line 196, in compile_nodelist
    nodelist = parser.parse()
  File "/Users/umutaraz/Desktop/Tüm hayatım burda/MediTracked/venv/lib/python3.13/site-packages/django/template/base.py", line 518, in parse
    raise self.error(token, e)
  File "/Users/umutaraz/Desktop/Tüm hayatım burda/MediTracked/venv/lib/python3.13/site-packages/django/template/base.py", line 516, in parse
    compiled_result = compile_func(self, token)
  File "/Users/umutaraz/Desktop/Tüm hayatım burda/MediTracked/venv/lib/python3.13/site-packages/django/template/loader_tags.py", line 299, in do_extends
    nodelist = parser.parse()
  File "/Users/umutaraz/Desktop/Tüm hayatım burda/MediTracked/venv/lib/python3.13/site-packages/django/template/base.py", line 518, in parse
    raise self.error(token, e)
  File "/Users/umutaraz/Desktop/Tüm hayatım burda/MediTracked/venv/lib/python3.13/site-packages/django/template/base.py", line 516, in parse
    compiled_result = compile_func(self, token)
  File "/Users/umutaraz/Desktop/Tüm hayatım burda/MediTracked/venv/lib/python3.13/site-packages/django/template/loader_tags.py", line 234, in do_block
    nodelist = parser.parse(("endblock",))
  File "/Users/umutaraz/Desktop/Tüm hayatım burda/MediTracked/venv/lib/python3.13/site-packages/django/template/base.py", line 518, in parse
    raise self.error(token, e)
  File "/Users/umutaraz/Desktop/Tüm hayatım burda/MediTracked/venv/lib/python3.13/site-packages/django/template/base.py", line 516, in parse
    compiled_result = compile_func(self, token)
  File "/Users/umutaraz/Desktop/Tüm hayatım burda/MediTracked/venv/lib/python3.13/site-packages/django/template/defaulttags.py", line 962, in do_if
    nodelist = parser.parse(("elif", "else", "endif"))
  File "/Users/umutaraz/Desktop/Tüm hayatım burda/MediTracked/venv/lib/python3.13/site-packages/django/template/base.py", line 512, in parse
    self.invalid_block_tag(token, command, parse_until)
    ~~~~~~~~~~~~~~~~~~~~~~^^^^^^^^^^^^^^^^^^^^^^^^^^^^^
  File "/Users/umutaraz/Desktop/Tüm hayatım burda/MediTracked/venv/lib/python3.13/site-packages/django/template/base.py", line 567, in invalid_block_tag
    raise self.error(
    ...<8 lines>...
    )
django.template.exceptions.TemplateSyntaxError: Invalid block tag on line 114: 'namespaced_url', expected 'elif', 'else' or 'endif'. Did you forget to register or load this tag?
"GET / HTTP/1.1" 500 221303
Internal Server Error: /
Traceback (most recent call last):
  File "/Users/umutaraz/Desktop/Tüm hayatım burda/MediTracked/venv/lib/python3.13/site-packages/django/template/base.py", line 510, in parse
    compile_func = self.tags[command]
                   ~~~~~~~~~^^^^^^^^^
KeyError: 'namespaced_url'

During handling of the above exception, another exception occurred:

Traceback (most recent call last):
  File "/Users/umutaraz/Desktop/Tüm hayatım burda/MediTracked/venv/lib/python3.13/site-packages/django/core/handlers/exception.py", line 55, in inner
    response = get_response(request)
  File "/Users/umutaraz/Desktop/Tüm hayatım burda/MediTracked/venv/lib/python3.13/site-packages/django/core/handlers/base.py", line 220, in _get_response
    response = response.render()
  File "/Users/umutaraz/Desktop/Tüm hayatım burda/MediTracked/venv/lib/python3.13/site-packages/django/template/response.py", line 114, in render
    self.content = self.rendered_content
                   ^^^^^^^^^^^^^^^^^^^^^
  File "/Users/umutaraz/Desktop/Tüm hayatım burda/MediTracked/venv/lib/python3.13/site-packages/django/template/response.py", line 90, in rendered_content
    template = self.resolve_template(self.template_name)
  File "/Users/umutaraz/Desktop/Tüm hayatım burda/MediTracked/venv/lib/python3.13/site-packages/django/template/response.py", line 72, in resolve_template
    return select_template(template, using=self.using)
  File "/Users/umutaraz/Desktop/Tüm hayatım burda/MediTracked/venv/lib/python3.13/site-packages/django/template/loader.py", line 42, in select_template
    return engine.get_template(template_name)
           ~~~~~~~~~~~~~~~~~~~^^^^^^^^^^^^^^^
  File "/Users/umutaraz/Desktop/Tüm hayatım burda/MediTracked/venv/lib/python3.13/site-packages/django/template/backends/django.py", line 79, in get_template
    return Template(self.engine.get_template(template_name), self)
                    ~~~~~~~~~~~~~~~~~~~~~~~~^^^^^^^^^^^^^^^
  File "/Users/umutaraz/Desktop/Tüm hayatım burda/MediTracked/venv/lib/python3.13/site-packages/django/template/engine.py", line 177, in get_template
    template, origin = self.find_template(template_name)
                       ~~~~~~~~~~~~~~~~~~^^^^^^^^^^^^^^^
  File "/Users/umutaraz/Desktop/Tüm hayatım burda/MediTracked/venv/lib/python3.13/site-packages/django/template/engine.py", line 159, in find_template
    template = loader.get_template(name, skip=skip)
  File "/Users/umutaraz/Desktop/Tüm hayatım burda/MediTracked/venv/lib/python3.13/site-packages/django/template/loaders/cached.py", line 57, in get_template
    template = super().get_template(template_name, skip)
  File "/Users/umutaraz/Desktop/Tüm hayatım burda/MediTracked/venv/lib/python3.13/site-packages/django/template/loaders/base.py", line 28, in get_template
    return Template(
        contents,
    ...<2 lines>...
        self.engine,
    )
  File "/Users/umutaraz/Desktop/Tüm hayatım burda/MediTracked/venv/lib/python3.13/site-packages/django/template/base.py", line 154, in __init__
    self.nodelist = self.compile_nodelist()
                    ~~~~~~~~~~~~~~~~~~~~~^^
  File "/Users/umutaraz/Desktop/Tüm hayatım burda/MediTracked/venv/lib/python3.13/site-packages/django/template/base.py", line 196, in compile_nodelist
    nodelist = parser.parse()
  File "/Users/umutaraz/Desktop/Tüm hayatım burda/MediTracked/venv/lib/python3.13/site-packages/django/template/base.py", line 518, in parse
    raise self.error(token, e)
  File "/Users/umutaraz/Desktop/Tüm hayatım burda/MediTracked/venv/lib/python3.13/site-packages/django/template/base.py", line 516, in parse
    compiled_result = compile_func(self, token)
  File "/Users/umutaraz/Desktop/Tüm hayatım burda/MediTracked/venv/lib/python3.13/site-packages/django/template/loader_tags.py", line 299, in do_extends
    nodelist = parser.parse()
  File "/Users/umutaraz/Desktop/Tüm hayatım burda/MediTracked/venv/lib/python3.13/site-packages/django/template/base.py", line 518, in parse
    raise self.error(token, e)
  File "/Users/umutaraz/Desktop/Tüm hayatım burda/MediTracked/venv/lib/python3.13/site-packages/django/template/base.py", line 516, in parse
    compiled_result = compile_func(self, token)
  File "/Users/umutaraz/Desktop/Tüm hayatım burda/MediTracked/venv/lib/python3.13/site-packages/django/template/loader_tags.py", line 234, in do_block
    nodelist = parser.parse(("endblock",))
  File "/Users/umutaraz/Desktop/Tüm hayatım burda/MediTracked/venv/lib/python3.13/site-packages/django/template/base.py", line 518, in parse
    raise self.error(token, e)
  File "/Users/umutaraz/Desktop/Tüm hayatım burda/MediTracked/venv/lib/python3.13/site-packages/django/template/base.py", line 516, in parse
    compiled_result = compile_func(self, token)
  File "/Users/umutaraz/Desktop/Tüm hayatım burda/MediTracked/venv/lib/python3.13/site-packages/django/template/defaulttags.py", line 962, in do_if
    nodelist = parser.parse(("elif", "else", "endif"))
  File "/Users/umutaraz/Desktop/Tüm hayatım burda/MediTracked/venv/lib/python3.13/site-packages/django/template/base.py", line 518, in parse
    raise self.error(token, e)
  File "/Users/umutaraz/Desktop/Tüm hayatım burda/MediTracked/venv/lib/python3.13/site-packages/django/template/base.py", line 516, in parse
    compiled_result = compile_func(self, token)
  File "/Users/umutaraz/Desktop/Tüm hayatım burda/MediTracked/venv/lib/python3.13/site-packages/django/template/defaulttags.py", line 962, in do_if
    nodelist = parser.parse(("elif", "else", "endif"))
  File "/Users/umutaraz/Desktop/Tüm hayatım burda/MediTracked/venv/lib/python3.13/site-packages/django/template/base.py", line 512, in parse
    self.invalid_block_tag(token, command, parse_until)
    ~~~~~~~~~~~~~~~~~~~~~~^^^^^^^^^^^^^^^^^^^^^^^^^^^^^
  File "/Users/umutaraz/Desktop/Tüm hayatım burda/MediTracked/venv/lib/python3.13/site-packages/django/template/base.py", line 567, in invalid_block_tag
    raise self.error(
    ...<8 lines>...
    )
django.template.exceptions.TemplateSyntaxError: Invalid block tag on line 132: 'namespaced_url', expected 'elif', 'else' or 'endif'. Did you forget to register or load this tag?
"GET / HTTP/1.1" 500 231146
"GET / HTTP/1.1" 200 30471
"GET /theme/preference/ HTTP/1.1" 200 19
"GET /static/assets/media/logos/favicon.png HTTP/1.1" 304 0
Internal Server Error: /core/patients/
Traceback (most recent call last):
  File "/Users/umutaraz/Desktop/Tüm hayatım burda/MediTracked/venv/lib/python3.13/site-packages/django/core/handlers/exception.py", line 55, in inner
    response = get_response(request)
  File "/Users/umutaraz/Desktop/Tüm hayatım burda/MediTracked/venv/lib/python3.13/site-packages/django/core/handlers/base.py", line 220, in _get_response
    response = response.render()
  File "/Users/umutaraz/Desktop/Tüm hayatım burda/MediTracked/venv/lib/python3.13/site-packages/django/template/response.py", line 114, in render
    self.content = self.rendered_content
                   ^^^^^^^^^^^^^^^^^^^^^
  File "/Users/umutaraz/Desktop/Tüm hayatım burda/MediTracked/venv/lib/python3.13/site-packages/django/template/response.py", line 92, in rendered_content
    return template.render(context, self._request)
           ~~~~~~~~~~~~~~~^^^^^^^^^^^^^^^^^^^^^^^^
  File "/Users/umutaraz/Desktop/Tüm hayatım burda/MediTracked/venv/lib/python3.13/site-packages/django/template/backends/django.py", line 107, in render
    return self.template.render(context)
           ~~~~~~~~~~~~~~~~~~~~^^^^^^^^^
  File "/Users/umutaraz/Desktop/Tüm hayatım burda/MediTracked/venv/lib/python3.13/site-packages/django/template/base.py", line 171, in render
    return self._render(context)
           ~~~~~~~~~~~~^^^^^^^^^
  File "/Users/umutaraz/Desktop/Tüm hayatım burda/MediTracked/venv/lib/python3.13/site-packages/django/template/base.py", line 163, in _render
    return self.nodelist.render(context)
           ~~~~~~~~~~~~~~~~~~~~^^^^^^^^^
  File "/Users/umutaraz/Desktop/Tüm hayatım burda/MediTracked/venv/lib/python3.13/site-packages/django/template/base.py", line 1016, in render
    return SafeString("".join([node.render_annotated(context) for node in self]))
                               ~~~~~~~~~~~~~~~~~~~~~^^^^^^^^^
  File "/Users/umutaraz/Desktop/Tüm hayatım burda/MediTracked/venv/lib/python3.13/site-packages/django/template/base.py", line 977, in render_annotated
    return self.render(context)
           ~~~~~~~~~~~^^^^^^^^^
  File "/Users/umutaraz/Desktop/Tüm hayatım burda/MediTracked/venv/lib/python3.13/site-packages/django/template/loader_tags.py", line 159, in render
    return compiled_parent._render(context)
           ~~~~~~~~~~~~~~~~~~~~~~~^^^^^^^^^
  File "/Users/umutaraz/Desktop/Tüm hayatım burda/MediTracked/venv/lib/python3.13/site-packages/django/template/base.py", line 163, in _render
    return self.nodelist.render(context)
           ~~~~~~~~~~~~~~~~~~~~^^^^^^^^^
  File "/Users/umutaraz/Desktop/Tüm hayatım burda/MediTracked/venv/lib/python3.13/site-packages/django/template/base.py", line 1016, in render
    return SafeString("".join([node.render_annotated(context) for node in self]))
                               ~~~~~~~~~~~~~~~~~~~~~^^^^^^^^^
  File "/Users/umutaraz/Desktop/Tüm hayatım burda/MediTracked/venv/lib/python3.13/site-packages/django/template/base.py", line 977, in render_annotated
    return self.render(context)
           ~~~~~~~~~~~^^^^^^^^^
  File "/Users/umutaraz/Desktop/Tüm hayatım burda/MediTracked/venv/lib/python3.13/site-packages/django/template/loader_tags.py", line 65, in render
    result = block.nodelist.render(context)
  File "/Users/umutaraz/Desktop/Tüm hayatım burda/MediTracked/venv/lib/python3.13/site-packages/django/template/base.py", line 1016, in render
    return SafeString("".join([node.render_annotated(context) for node in self]))
                               ~~~~~~~~~~~~~~~~~~~~~^^^^^^^^^
  File "/Users/umutaraz/Desktop/Tüm hayatım burda/MediTracked/venv/lib/python3.13/site-packages/django/template/base.py", line 977, in render_annotated
    return self.render(context)
           ~~~~~~~~~~~^^^^^^^^^
  File "/Users/umutaraz/Desktop/Tüm hayatım burda/MediTracked/venv/lib/python3.13/site-packages/django/template/defaulttags.py", line 327, in render
    return nodelist.render(context)
           ~~~~~~~~~~~~~~~^^^^^^^^^
  File "/Users/umutaraz/Desktop/Tüm hayatım burda/MediTracked/venv/lib/python3.13/site-packages/django/template/base.py", line 1016, in render
    return SafeString("".join([node.render_annotated(context) for node in self]))
                               ~~~~~~~~~~~~~~~~~~~~~^^^^^^^^^
  File "/Users/umutaraz/Desktop/Tüm hayatım burda/MediTracked/venv/lib/python3.13/site-packages/django/template/base.py", line 977, in render_annotated
    return self.render(context)
           ~~~~~~~~~~~^^^^^^^^^
  File "/Users/umutaraz/Desktop/Tüm hayatım burda/MediTracked/venv/lib/python3.13/site-packages/django/template/defaulttags.py", line 243, in render
    nodelist.append(node.render_annotated(context))
                    ~~~~~~~~~~~~~~~~~~~~~^^^^^^^^^
  File "/Users/umutaraz/Desktop/Tüm hayatım burda/MediTracked/venv/lib/python3.13/site-packages/django/template/base.py", line 977, in render_annotated
    return self.render(context)
           ~~~~~~~~~~~^^^^^^^^^
  File "/Users/umutaraz/Desktop/Tüm hayatım burda/MediTracked/venv/lib/python3.13/site-packages/django/template/defaulttags.py", line 480, in render
    url = reverse(view_name, args=args, kwargs=kwargs, current_app=current_app)
  File "/Users/umutaraz/Desktop/Tüm hayatım burda/MediTracked/venv/lib/python3.13/site-packages/django/urls/base.py", line 98, in reverse
    resolved_url = resolver._reverse_with_prefix(view, prefix, *args, **kwargs)
  File "/Users/umutaraz/Desktop/Tüm hayatım burda/MediTracked/venv/lib/python3.13/site-packages/django/urls/resolvers.py", line 831, in _reverse_with_prefix
    raise NoReverseMatch(msg)
django.urls.exceptions.NoReverseMatch: Reverse for 'patient-detail' not found. 'patient-detail' is not a valid view function or pattern name.
"GET /core/patients/ HTTP/1.1" 500 178089
"GET /core/patients/ HTTP/1.1" 200 26335
"GET /theme/preference/ HTTP/1.1" 200 19
"GET /core/doctors/ HTTP/1.1" 200 31421
"GET /theme/preference/ HTTP/1.1" 200 19
Internal Server Error: /core/appointments/
Traceback (most recent call last):
  File "/Users/umutaraz/Desktop/Tüm hayatım burda/MediTracked/venv/lib/python3.13/site-packages/django/core/handlers/exception.py", line 55, in inner
    response = get_response(request)
  File "/Users/umutaraz/Desktop/Tüm hayatım burda/MediTracked/venv/lib/python3.13/site-packages/django/core/handlers/base.py", line 220, in _get_response
    response = response.render()
  File "/Users/umutaraz/Desktop/Tüm hayatım burda/MediTracked/venv/lib/python3.13/site-packages/django/template/response.py", line 114, in render
    self.content = self.rendered_content
                   ^^^^^^^^^^^^^^^^^^^^^
  File "/Users/umutaraz/Desktop/Tüm hayatım burda/MediTracked/venv/lib/python3.13/site-packages/django/template/response.py", line 92, in rendered_content
    return template.render(context, self._request)
           ~~~~~~~~~~~~~~~^^^^^^^^^^^^^^^^^^^^^^^^
  File "/Users/umutaraz/Desktop/Tüm hayatım burda/MediTracked/venv/lib/python3.13/site-packages/django/template/backends/django.py", line 107, in render
    return self.template.render(context)
           ~~~~~~~~~~~~~~~~~~~~^^^^^^^^^
  File "/Users/umutaraz/Desktop/Tüm hayatım burda/MediTracked/venv/lib/python3.13/site-packages/django/template/base.py", line 171, in render
    return self._render(context)
           ~~~~~~~~~~~~^^^^^^^^^
  File "/Users/umutaraz/Desktop/Tüm hayatım burda/MediTracked/venv/lib/python3.13/site-packages/django/template/base.py", line 163, in _render
    return self.nodelist.render(context)
           ~~~~~~~~~~~~~~~~~~~~^^^^^^^^^
  File "/Users/umutaraz/Desktop/Tüm hayatım burda/MediTracked/venv/lib/python3.13/site-packages/django/template/base.py", line 1016, in render
    return SafeString("".join([node.render_annotated(context) for node in self]))
                               ~~~~~~~~~~~~~~~~~~~~~^^^^^^^^^
  File "/Users/umutaraz/Desktop/Tüm hayatım burda/MediTracked/venv/lib/python3.13/site-packages/django/template/base.py", line 977, in render_annotated
    return self.render(context)
           ~~~~~~~~~~~^^^^^^^^^
  File "/Users/umutaraz/Desktop/Tüm hayatım burda/MediTracked/venv/lib/python3.13/site-packages/django/template/loader_tags.py", line 159, in render
    return compiled_parent._render(context)
           ~~~~~~~~~~~~~~~~~~~~~~~^^^^^^^^^
  File "/Users/umutaraz/Desktop/Tüm hayatım burda/MediTracked/venv/lib/python3.13/site-packages/django/template/base.py", line 163, in _render
    return self.nodelist.render(context)
           ~~~~~~~~~~~~~~~~~~~~^^^^^^^^^
  File "/Users/umutaraz/Desktop/Tüm hayatım burda/MediTracked/venv/lib/python3.13/site-packages/django/template/base.py", line 1016, in render
    return SafeString("".join([node.render_annotated(context) for node in self]))
                               ~~~~~~~~~~~~~~~~~~~~~^^^^^^^^^
  File "/Users/umutaraz/Desktop/Tüm hayatım burda/MediTracked/venv/lib/python3.13/site-packages/django/template/base.py", line 977, in render_annotated
    return self.render(context)
           ~~~~~~~~~~~^^^^^^^^^
  File "/Users/umutaraz/Desktop/Tüm hayatım burda/MediTracked/venv/lib/python3.13/site-packages/django/template/loader_tags.py", line 65, in render
    result = block.nodelist.render(context)
  File "/Users/umutaraz/Desktop/Tüm hayatım burda/MediTracked/venv/lib/python3.13/site-packages/django/template/base.py", line 1016, in render
    return SafeString("".join([node.render_annotated(context) for node in self]))
                               ~~~~~~~~~~~~~~~~~~~~~^^^^^^^^^
  File "/Users/umutaraz/Desktop/Tüm hayatım burda/MediTracked/venv/lib/python3.13/site-packages/django/template/base.py", line 977, in render_annotated
    return self.render(context)
           ~~~~~~~~~~~^^^^^^^^^
  File "/Users/umutaraz/Desktop/Tüm hayatım burda/MediTracked/venv/lib/python3.13/site-packages/django/template/defaulttags.py", line 327, in render
    return nodelist.render(context)
           ~~~~~~~~~~~~~~~^^^^^^^^^
  File "/Users/umutaraz/Desktop/Tüm hayatım burda/MediTracked/venv/lib/python3.13/site-packages/django/template/base.py", line 1016, in render
    return SafeString("".join([node.render_annotated(context) for node in self]))
                               ~~~~~~~~~~~~~~~~~~~~~^^^^^^^^^
  File "/Users/umutaraz/Desktop/Tüm hayatım burda/MediTracked/venv/lib/python3.13/site-packages/django/template/base.py", line 977, in render_annotated
    return self.render(context)
           ~~~~~~~~~~~^^^^^^^^^
  File "/Users/umutaraz/Desktop/Tüm hayatım burda/MediTracked/venv/lib/python3.13/site-packages/django/template/defaulttags.py", line 480, in render
    url = reverse(view_name, args=args, kwargs=kwargs, current_app=current_app)
  File "/Users/umutaraz/Desktop/Tüm hayatım burda/MediTracked/venv/lib/python3.13/site-packages/django/urls/base.py", line 98, in reverse
    resolved_url = resolver._reverse_with_prefix(view, prefix, *args, **kwargs)
  File "/Users/umutaraz/Desktop/Tüm hayatım burda/MediTracked/venv/lib/python3.13/site-packages/django/urls/resolvers.py", line 831, in _reverse_with_prefix
    raise NoReverseMatch(msg)
django.urls.exceptions.NoReverseMatch: Reverse for 'appointment-create' not found. 'appointment-create' is not a valid view function or pattern name.
"GET /core/appointments/ HTTP/1.1" 500 172807
"GET /core/appointments/ HTTP/1.1" 200 29401
"GET /theme/preference/ HTTP/1.1" 200 19
Internal Server Error: /appointments/calendar/
Traceback (most recent call last):
  File "/Users/umutaraz/Desktop/Tüm hayatım burda/MediTracked/venv/lib/python3.13/site-packages/django/core/handlers/exception.py", line 55, in inner
    response = get_response(request)
  File "/Users/umutaraz/Desktop/Tüm hayatım burda/MediTracked/venv/lib/python3.13/site-packages/django/core/handlers/base.py", line 220, in _get_response
    response = response.render()
  File "/Users/umutaraz/Desktop/Tüm hayatım burda/MediTracked/venv/lib/python3.13/site-packages/django/template/response.py", line 114, in render
    self.content = self.rendered_content
                   ^^^^^^^^^^^^^^^^^^^^^
  File "/Users/umutaraz/Desktop/Tüm hayatım burda/MediTracked/venv/lib/python3.13/site-packages/django/template/response.py", line 92, in rendered_content
    return template.render(context, self._request)
           ~~~~~~~~~~~~~~~^^^^^^^^^^^^^^^^^^^^^^^^
  File "/Users/umutaraz/Desktop/Tüm hayatım burda/MediTracked/venv/lib/python3.13/site-packages/django/template/backends/django.py", line 107, in render
    return self.template.render(context)
           ~~~~~~~~~~~~~~~~~~~~^^^^^^^^^
  File "/Users/umutaraz/Desktop/Tüm hayatım burda/MediTracked/venv/lib/python3.13/site-packages/django/template/base.py", line 171, in render
    return self._render(context)
           ~~~~~~~~~~~~^^^^^^^^^
  File "/Users/umutaraz/Desktop/Tüm hayatım burda/MediTracked/venv/lib/python3.13/site-packages/django/template/base.py", line 163, in _render
    return self.nodelist.render(context)
           ~~~~~~~~~~~~~~~~~~~~^^^^^^^^^
  File "/Users/umutaraz/Desktop/Tüm hayatım burda/MediTracked/venv/lib/python3.13/site-packages/django/template/base.py", line 1016, in render
    return SafeString("".join([node.render_annotated(context) for node in self]))
                               ~~~~~~~~~~~~~~~~~~~~~^^^^^^^^^
  File "/Users/umutaraz/Desktop/Tüm hayatım burda/MediTracked/venv/lib/python3.13/site-packages/django/template/base.py", line 977, in render_annotated
    return self.render(context)
           ~~~~~~~~~~~^^^^^^^^^
  File "/Users/umutaraz/Desktop/Tüm hayatım burda/MediTracked/venv/lib/python3.13/site-packages/django/template/loader_tags.py", line 159, in render
    return compiled_parent._render(context)
           ~~~~~~~~~~~~~~~~~~~~~~~^^^^^^^^^
  File "/Users/umutaraz/Desktop/Tüm hayatım burda/MediTracked/venv/lib/python3.13/site-packages/django/template/base.py", line 163, in _render
    return self.nodelist.render(context)
           ~~~~~~~~~~~~~~~~~~~~^^^^^^^^^
  File "/Users/umutaraz/Desktop/Tüm hayatım burda/MediTracked/venv/lib/python3.13/site-packages/django/template/base.py", line 1016, in render
    return SafeString("".join([node.render_annotated(context) for node in self]))
                               ~~~~~~~~~~~~~~~~~~~~~^^^^^^^^^
  File "/Users/umutaraz/Desktop/Tüm hayatım burda/MediTracked/venv/lib/python3.13/site-packages/django/template/base.py", line 977, in render_annotated
    return self.render(context)
           ~~~~~~~~~~~^^^^^^^^^
  File "/Users/umutaraz/Desktop/Tüm hayatım burda/MediTracked/venv/lib/python3.13/site-packages/django/template/loader_tags.py", line 65, in render
    result = block.nodelist.render(context)
  File "/Users/umutaraz/Desktop/Tüm hayatım burda/MediTracked/venv/lib/python3.13/site-packages/django/template/base.py", line 1016, in render
    return SafeString("".join([node.render_annotated(context) for node in self]))
                               ~~~~~~~~~~~~~~~~~~~~~^^^^^^^^^
  File "/Users/umutaraz/Desktop/Tüm hayatım burda/MediTracked/venv/lib/python3.13/site-packages/django/template/base.py", line 977, in render_annotated
    return self.render(context)
           ~~~~~~~~~~~^^^^^^^^^
  File "/Users/umutaraz/Desktop/Tüm hayatım burda/MediTracked/venv/lib/python3.13/site-packages/django/template/defaulttags.py", line 327, in render
    return nodelist.render(context)
           ~~~~~~~~~~~~~~~^^^^^^^^^
  File "/Users/umutaraz/Desktop/Tüm hayatım burda/MediTracked/venv/lib/python3.13/site-packages/django/template/base.py", line 1016, in render
    return SafeString("".join([node.render_annotated(context) for node in self]))
                               ~~~~~~~~~~~~~~~~~~~~~^^^^^^^^^
  File "/Users/umutaraz/Desktop/Tüm hayatım burda/MediTracked/venv/lib/python3.13/site-packages/django/template/base.py", line 977, in render_annotated
    return self.render(context)
           ~~~~~~~~~~~^^^^^^^^^
  File "/Users/umutaraz/Desktop/Tüm hayatım burda/MediTracked/venv/lib/python3.13/site-packages/django/template/defaulttags.py", line 480, in render
    url = reverse(view_name, args=args, kwargs=kwargs, current_app=current_app)
  File "/Users/umutaraz/Desktop/Tüm hayatım burda/MediTracked/venv/lib/python3.13/site-packages/django/urls/base.py", line 98, in reverse
    resolved_url = resolver._reverse_with_prefix(view, prefix, *args, **kwargs)
  File "/Users/umutaraz/Desktop/Tüm hayatım burda/MediTracked/venv/lib/python3.13/site-packages/django/urls/resolvers.py", line 831, in _reverse_with_prefix
    raise NoReverseMatch(msg)
django.urls.exceptions.NoReverseMatch: Reverse for 'appointment-create' not found. 'appointment-create' is not a valid view function or pattern name.
"GET /appointments/calendar/ HTTP/1.1" 500 171438
"GET /appointments/calendar/ HTTP/1.1" 200 27054
"GET /theme/preference/ HTTP/1.1" 200 19
"POST /theme/toggle/ HTTP/1.1" 200 37
"POST /theme/toggle/ HTTP/1.1" 200 36
/Users/umutaraz/Desktop/Tüm hayatım burda/MediTracked/appointments/views.py changed, reloading.
Watching for file changes with StatReloader
"GET /appointments/calendar/ HTTP/1.1" 200 27054
"GET /theme/preference/ HTTP/1.1" 200 19
/Users/umutaraz/Desktop/Tüm hayatım burda/MediTracked/appointments/views.py changed, reloading.
Watching for file changes with StatReloader
"GET /core/doctors/ HTTP/1.1" 200 31421
"GET /theme/preference/ HTTP/1.1" 200 19
"GET /core/patients/ HTTP/1.1" 200 26335
"GET /theme/preference/ HTTP/1.1" 200 19
Internal Server Error: /dashboard/
Traceback (most recent call last):
  File "/Users/umutaraz/Desktop/Tüm hayatım burda/MediTracked/venv/lib/python3.13/site-packages/django/core/handlers/exception.py", line 55, in inner
    response = get_response(request)
  File "/Users/umutaraz/Desktop/Tüm hayatım burda/MediTracked/venv/lib/python3.13/site-packages/django/core/handlers/base.py", line 197, in _get_response
    response = wrapped_callback(request, *callback_args, **callback_kwargs)
  File "/Users/umutaraz/Desktop/Tüm hayatım burda/MediTracked/venv/lib/python3.13/site-packages/django/contrib/auth/decorators.py", line 59, in _view_wrapper
    return view_func(request, *args, **kwargs)
  File "/Users/umutaraz/Desktop/Tüm hayatım burda/MediTracked/core/views.py", line 156, in dashboard
    return render(request, 'core/doctor_dashboard.html', context)
  File "/Users/umutaraz/Desktop/Tüm hayatım burda/MediTracked/venv/lib/python3.13/site-packages/django/shortcuts.py", line 25, in render
    content = loader.render_to_string(template_name, context, request, using=using)
  File "/Users/umutaraz/Desktop/Tüm hayatım burda/MediTracked/venv/lib/python3.13/site-packages/django/template/loader.py", line 62, in render_to_string
    return template.render(context, request)
           ~~~~~~~~~~~~~~~^^^^^^^^^^^^^^^^^^
  File "/Users/umutaraz/Desktop/Tüm hayatım burda/MediTracked/venv/lib/python3.13/site-packages/django/template/backends/django.py", line 107, in render
    return self.template.render(context)
           ~~~~~~~~~~~~~~~~~~~~^^^^^^^^^
  File "/Users/umutaraz/Desktop/Tüm hayatım burda/MediTracked/venv/lib/python3.13/site-packages/django/template/base.py", line 171, in render
    return self._render(context)
           ~~~~~~~~~~~~^^^^^^^^^
  File "/Users/umutaraz/Desktop/Tüm hayatım burda/MediTracked/venv/lib/python3.13/site-packages/django/template/base.py", line 163, in _render
    return self.nodelist.render(context)
           ~~~~~~~~~~~~~~~~~~~~^^^^^^^^^
  File "/Users/umutaraz/Desktop/Tüm hayatım burda/MediTracked/venv/lib/python3.13/site-packages/django/template/base.py", line 1016, in render
    return SafeString("".join([node.render_annotated(context) for node in self]))
                               ~~~~~~~~~~~~~~~~~~~~~^^^^^^^^^
  File "/Users/umutaraz/Desktop/Tüm hayatım burda/MediTracked/venv/lib/python3.13/site-packages/django/template/base.py", line 977, in render_annotated
    return self.render(context)
           ~~~~~~~~~~~^^^^^^^^^
  File "/Users/umutaraz/Desktop/Tüm hayatım burda/MediTracked/venv/lib/python3.13/site-packages/django/template/loader_tags.py", line 159, in render
    return compiled_parent._render(context)
           ~~~~~~~~~~~~~~~~~~~~~~~^^^^^^^^^
  File "/Users/umutaraz/Desktop/Tüm hayatım burda/MediTracked/venv/lib/python3.13/site-packages/django/template/base.py", line 163, in _render
    return self.nodelist.render(context)
           ~~~~~~~~~~~~~~~~~~~~^^^^^^^^^
  File "/Users/umutaraz/Desktop/Tüm hayatım burda/MediTracked/venv/lib/python3.13/site-packages/django/template/base.py", line 1016, in render
    return SafeString("".join([node.render_annotated(context) for node in self]))
                               ~~~~~~~~~~~~~~~~~~~~~^^^^^^^^^
  File "/Users/umutaraz/Desktop/Tüm hayatım burda/MediTracked/venv/lib/python3.13/site-packages/django/template/base.py", line 977, in render_annotated
    return self.render(context)
           ~~~~~~~~~~~^^^^^^^^^
  File "/Users/umutaraz/Desktop/Tüm hayatım burda/MediTracked/venv/lib/python3.13/site-packages/django/template/loader_tags.py", line 65, in render
    result = block.nodelist.render(context)
  File "/Users/umutaraz/Desktop/Tüm hayatım burda/MediTracked/venv/lib/python3.13/site-packages/django/template/base.py", line 1016, in render
    return SafeString("".join([node.render_annotated(context) for node in self]))
                               ~~~~~~~~~~~~~~~~~~~~~^^^^^^^^^
  File "/Users/umutaraz/Desktop/Tüm hayatım burda/MediTracked/venv/lib/python3.13/site-packages/django/template/base.py", line 977, in render_annotated
    return self.render(context)
           ~~~~~~~~~~~^^^^^^^^^
  File "/Users/umutaraz/Desktop/Tüm hayatım burda/MediTracked/venv/lib/python3.13/site-packages/django/template/defaulttags.py", line 327, in render
    return nodelist.render(context)
           ~~~~~~~~~~~~~~~^^^^^^^^^
  File "/Users/umutaraz/Desktop/Tüm hayatım burda/MediTracked/venv/lib/python3.13/site-packages/django/template/base.py", line 1016, in render
    return SafeString("".join([node.render_annotated(context) for node in self]))
                               ~~~~~~~~~~~~~~~~~~~~~^^^^^^^^^
  File "/Users/umutaraz/Desktop/Tüm hayatım burda/MediTracked/venv/lib/python3.13/site-packages/django/template/base.py", line 977, in render_annotated
    return self.render(context)
           ~~~~~~~~~~~^^^^^^^^^
  File "/Users/umutaraz/Desktop/Tüm hayatım burda/MediTracked/venv/lib/python3.13/site-packages/django/template/defaulttags.py", line 243, in render
    nodelist.append(node.render_annotated(context))
                    ~~~~~~~~~~~~~~~~~~~~~^^^^^^^^^
  File "/Users/umutaraz/Desktop/Tüm hayatım burda/MediTracked/venv/lib/python3.13/site-packages/django/template/base.py", line 977, in render_annotated
    return self.render(context)
           ~~~~~~~~~~~^^^^^^^^^
  File "/Users/umutaraz/Desktop/Tüm hayatım burda/MediTracked/venv/lib/python3.13/site-packages/django/template/defaulttags.py", line 480, in render
    url = reverse(view_name, args=args, kwargs=kwargs, current_app=current_app)
  File "/Users/umutaraz/Desktop/Tüm hayatım burda/MediTracked/venv/lib/python3.13/site-packages/django/urls/base.py", line 98, in reverse
    resolved_url = resolver._reverse_with_prefix(view, prefix, *args, **kwargs)
  File "/Users/umutaraz/Desktop/Tüm hayatım burda/MediTracked/venv/lib/python3.13/site-packages/django/urls/resolvers.py", line 831, in _reverse_with_prefix
    raise NoReverseMatch(msg)
django.urls.exceptions.NoReverseMatch: Reverse for 'patient-detail' not found. 'patient-detail' is not a valid view function or pattern name.
"GET /dashboard/ HTTP/1.1" 500 199814
/Users/umutaraz/Desktop/Tüm hayatım burda/MediTracked/appointments/views.py changed, reloading.
Watching for file changes with StatReloader
Internal Server Error: /dashboard/
Traceback (most recent call last):
  File "/Users/umutaraz/Desktop/Tüm hayatım burda/MediTracked/venv/lib/python3.13/site-packages/django/core/handlers/exception.py", line 55, in inner
    response = get_response(request)
  File "/Users/umutaraz/Desktop/Tüm hayatım burda/MediTracked/venv/lib/python3.13/site-packages/django/core/handlers/base.py", line 197, in _get_response
    response = wrapped_callback(request, *callback_args, **callback_kwargs)
  File "/Users/umutaraz/Desktop/Tüm hayatım burda/MediTracked/venv/lib/python3.13/site-packages/django/contrib/auth/decorators.py", line 59, in _view_wrapper
    return view_func(request, *args, **kwargs)
  File "/Users/umutaraz/Desktop/Tüm hayatım burda/MediTracked/core/views.py", line 156, in dashboard
    return render(request, 'core/doctor_dashboard.html', context)
  File "/Users/umutaraz/Desktop/Tüm hayatım burda/MediTracked/venv/lib/python3.13/site-packages/django/shortcuts.py", line 25, in render
    content = loader.render_to_string(template_name, context, request, using=using)
  File "/Users/umutaraz/Desktop/Tüm hayatım burda/MediTracked/venv/lib/python3.13/site-packages/django/template/loader.py", line 62, in render_to_string
    return template.render(context, request)
           ~~~~~~~~~~~~~~~^^^^^^^^^^^^^^^^^^
  File "/Users/umutaraz/Desktop/Tüm hayatım burda/MediTracked/venv/lib/python3.13/site-packages/django/template/backends/django.py", line 107, in render
    return self.template.render(context)
           ~~~~~~~~~~~~~~~~~~~~^^^^^^^^^
  File "/Users/umutaraz/Desktop/Tüm hayatım burda/MediTracked/venv/lib/python3.13/site-packages/django/template/base.py", line 171, in render
    return self._render(context)
           ~~~~~~~~~~~~^^^^^^^^^
  File "/Users/umutaraz/Desktop/Tüm hayatım burda/MediTracked/venv/lib/python3.13/site-packages/django/template/base.py", line 163, in _render
    return self.nodelist.render(context)
           ~~~~~~~~~~~~~~~~~~~~^^^^^^^^^
  File "/Users/umutaraz/Desktop/Tüm hayatım burda/MediTracked/venv/lib/python3.13/site-packages/django/template/base.py", line 1016, in render
    return SafeString("".join([node.render_annotated(context) for node in self]))
                               ~~~~~~~~~~~~~~~~~~~~~^^^^^^^^^
  File "/Users/umutaraz/Desktop/Tüm hayatım burda/MediTracked/venv/lib/python3.13/site-packages/django/template/base.py", line 977, in render_annotated
    return self.render(context)
           ~~~~~~~~~~~^^^^^^^^^
  File "/Users/umutaraz/Desktop/Tüm hayatım burda/MediTracked/venv/lib/python3.13/site-packages/django/template/loader_tags.py", line 159, in render
    return compiled_parent._render(context)
           ~~~~~~~~~~~~~~~~~~~~~~~^^^^^^^^^
  File "/Users/umutaraz/Desktop/Tüm hayatım burda/MediTracked/venv/lib/python3.13/site-packages/django/template/base.py", line 163, in _render
    return self.nodelist.render(context)
           ~~~~~~~~~~~~~~~~~~~~^^^^^^^^^
  File "/Users/umutaraz/Desktop/Tüm hayatım burda/MediTracked/venv/lib/python3.13/site-packages/django/template/base.py", line 1016, in render
    return SafeString("".join([node.render_annotated(context) for node in self]))
                               ~~~~~~~~~~~~~~~~~~~~~^^^^^^^^^
  File "/Users/umutaraz/Desktop/Tüm hayatım burda/MediTracked/venv/lib/python3.13/site-packages/django/template/base.py", line 977, in render_annotated
    return self.render(context)
           ~~~~~~~~~~~^^^^^^^^^
  File "/Users/umutaraz/Desktop/Tüm hayatım burda/MediTracked/venv/lib/python3.13/site-packages/django/template/loader_tags.py", line 65, in render
    result = block.nodelist.render(context)
  File "/Users/umutaraz/Desktop/Tüm hayatım burda/MediTracked/venv/lib/python3.13/site-packages/django/template/base.py", line 1016, in render
    return SafeString("".join([node.render_annotated(context) for node in self]))
                               ~~~~~~~~~~~~~~~~~~~~~^^^^^^^^^
  File "/Users/umutaraz/Desktop/Tüm hayatım burda/MediTracked/venv/lib/python3.13/site-packages/django/template/base.py", line 977, in render_annotated
    return self.render(context)
           ~~~~~~~~~~~^^^^^^^^^
  File "/Users/umutaraz/Desktop/Tüm hayatım burda/MediTracked/venv/lib/python3.13/site-packages/django/template/defaulttags.py", line 327, in render
    return nodelist.render(context)
           ~~~~~~~~~~~~~~~^^^^^^^^^
  File "/Users/umutaraz/Desktop/Tüm hayatım burda/MediTracked/venv/lib/python3.13/site-packages/django/template/base.py", line 1016, in render
    return SafeString("".join([node.render_annotated(context) for node in self]))
                               ~~~~~~~~~~~~~~~~~~~~~^^^^^^^^^
  File "/Users/umutaraz/Desktop/Tüm hayatım burda/MediTracked/venv/lib/python3.13/site-packages/django/template/base.py", line 977, in render_annotated
    return self.render(context)
           ~~~~~~~~~~~^^^^^^^^^
  File "/Users/umutaraz/Desktop/Tüm hayatım burda/MediTracked/venv/lib/python3.13/site-packages/django/template/defaulttags.py", line 243, in render
    nodelist.append(node.render_annotated(context))
                    ~~~~~~~~~~~~~~~~~~~~~^^^^^^^^^
  File "/Users/umutaraz/Desktop/Tüm hayatım burda/MediTracked/venv/lib/python3.13/site-packages/django/template/base.py", line 977, in render_annotated
    return self.render(context)
           ~~~~~~~~~~~^^^^^^^^^
  File "/Users/umutaraz/Desktop/Tüm hayatım burda/MediTracked/venv/lib/python3.13/site-packages/django/template/defaulttags.py", line 480, in render
    url = reverse(view_name, args=args, kwargs=kwargs, current_app=current_app)
  File "/Users/umutaraz/Desktop/Tüm hayatım burda/MediTracked/venv/lib/python3.13/site-packages/django/urls/base.py", line 98, in reverse
    resolved_url = resolver._reverse_with_prefix(view, prefix, *args, **kwargs)
  File "/Users/umutaraz/Desktop/Tüm hayatım burda/MediTracked/venv/lib/python3.13/site-packages/django/urls/resolvers.py", line 831, in _reverse_with_prefix
    raise NoReverseMatch(msg)
django.urls.exceptions.NoReverseMatch: Reverse for 'patient-detail' not found. 'patient-detail' is not a valid view function or pattern name.
"GET /dashboard/ HTTP/1.1" 500 199951
Internal Server Error: /dashboard/
Traceback (most recent call last):
  File "/Users/umutaraz/Desktop/Tüm hayatım burda/MediTracked/venv/lib/python3.13/site-packages/django/core/handlers/exception.py", line 55, in inner
    response = get_response(request)
  File "/Users/umutaraz/Desktop/Tüm hayatım burda/MediTracked/venv/lib/python3.13/site-packages/django/core/handlers/base.py", line 197, in _get_response
    response = wrapped_callback(request, *callback_args, **callback_kwargs)
  File "/Users/umutaraz/Desktop/Tüm hayatım burda/MediTracked/venv/lib/python3.13/site-packages/django/contrib/auth/decorators.py", line 59, in _view_wrapper
    return view_func(request, *args, **kwargs)
  File "/Users/umutaraz/Desktop/Tüm hayatım burda/MediTracked/core/views.py", line 156, in dashboard
    return render(request, 'core/doctor_dashboard.html', context)
  File "/Users/umutaraz/Desktop/Tüm hayatım burda/MediTracked/venv/lib/python3.13/site-packages/django/shortcuts.py", line 25, in render
    content = loader.render_to_string(template_name, context, request, using=using)
  File "/Users/umutaraz/Desktop/Tüm hayatım burda/MediTracked/venv/lib/python3.13/site-packages/django/template/loader.py", line 62, in render_to_string
    return template.render(context, request)
           ~~~~~~~~~~~~~~~^^^^^^^^^^^^^^^^^^
  File "/Users/umutaraz/Desktop/Tüm hayatım burda/MediTracked/venv/lib/python3.13/site-packages/django/template/backends/django.py", line 107, in render
    return self.template.render(context)
           ~~~~~~~~~~~~~~~~~~~~^^^^^^^^^
  File "/Users/umutaraz/Desktop/Tüm hayatım burda/MediTracked/venv/lib/python3.13/site-packages/django/template/base.py", line 171, in render
    return self._render(context)
           ~~~~~~~~~~~~^^^^^^^^^
  File "/Users/umutaraz/Desktop/Tüm hayatım burda/MediTracked/venv/lib/python3.13/site-packages/django/template/base.py", line 163, in _render
    return self.nodelist.render(context)
           ~~~~~~~~~~~~~~~~~~~~^^^^^^^^^
  File "/Users/umutaraz/Desktop/Tüm hayatım burda/MediTracked/venv/lib/python3.13/site-packages/django/template/base.py", line 1016, in render
    return SafeString("".join([node.render_annotated(context) for node in self]))
                               ~~~~~~~~~~~~~~~~~~~~~^^^^^^^^^
  File "/Users/umutaraz/Desktop/Tüm hayatım burda/MediTracked/venv/lib/python3.13/site-packages/django/template/base.py", line 977, in render_annotated
    return self.render(context)
           ~~~~~~~~~~~^^^^^^^^^
  File "/Users/umutaraz/Desktop/Tüm hayatım burda/MediTracked/venv/lib/python3.13/site-packages/django/template/loader_tags.py", line 159, in render
    return compiled_parent._render(context)
           ~~~~~~~~~~~~~~~~~~~~~~~^^^^^^^^^
  File "/Users/umutaraz/Desktop/Tüm hayatım burda/MediTracked/venv/lib/python3.13/site-packages/django/template/base.py", line 163, in _render
    return self.nodelist.render(context)
           ~~~~~~~~~~~~~~~~~~~~^^^^^^^^^
  File "/Users/umutaraz/Desktop/Tüm hayatım burda/MediTracked/venv/lib/python3.13/site-packages/django/template/base.py", line 1016, in render
    return SafeString("".join([node.render_annotated(context) for node in self]))
                               ~~~~~~~~~~~~~~~~~~~~~^^^^^^^^^
  File "/Users/umutaraz/Desktop/Tüm hayatım burda/MediTracked/venv/lib/python3.13/site-packages/django/template/base.py", line 977, in render_annotated
    return self.render(context)
           ~~~~~~~~~~~^^^^^^^^^
  File "/Users/umutaraz/Desktop/Tüm hayatım burda/MediTracked/venv/lib/python3.13/site-packages/django/template/loader_tags.py", line 65, in render
    result = block.nodelist.render(context)
  File "/Users/umutaraz/Desktop/Tüm hayatım burda/MediTracked/venv/lib/python3.13/site-packages/django/template/base.py", line 1016, in render
    return SafeString("".join([node.render_annotated(context) for node in self]))
                               ~~~~~~~~~~~~~~~~~~~~~^^^^^^^^^
  File "/Users/umutaraz/Desktop/Tüm hayatım burda/MediTracked/venv/lib/python3.13/site-packages/django/template/base.py", line 977, in render_annotated
    return self.render(context)
           ~~~~~~~~~~~^^^^^^^^^
  File "/Users/umutaraz/Desktop/Tüm hayatım burda/MediTracked/venv/lib/python3.13/site-packages/django/template/defaulttags.py", line 327, in render
    return nodelist.render(context)
           ~~~~~~~~~~~~~~~^^^^^^^^^
  File "/Users/umutaraz/Desktop/Tüm hayatım burda/MediTracked/venv/lib/python3.13/site-packages/django/template/base.py", line 1016, in render
    return SafeString("".join([node.render_annotated(context) for node in self]))
                               ~~~~~~~~~~~~~~~~~~~~~^^^^^^^^^
  File "/Users/umutaraz/Desktop/Tüm hayatım burda/MediTracked/venv/lib/python3.13/site-packages/django/template/base.py", line 977, in render_annotated
    return self.render(context)
           ~~~~~~~~~~~^^^^^^^^^
  File "/Users/umutaraz/Desktop/Tüm hayatım burda/MediTracked/venv/lib/python3.13/site-packages/django/template/defaulttags.py", line 243, in render
    nodelist.append(node.render_annotated(context))
                    ~~~~~~~~~~~~~~~~~~~~~^^^^^^^^^
  File "/Users/umutaraz/Desktop/Tüm hayatım burda/MediTracked/venv/lib/python3.13/site-packages/django/template/base.py", line 977, in render_annotated
    return self.render(context)
           ~~~~~~~~~~~^^^^^^^^^
  File "/Users/umutaraz/Desktop/Tüm hayatım burda/MediTracked/venv/lib/python3.13/site-packages/django/template/defaulttags.py", line 480, in render
    url = reverse(view_name, args=args, kwargs=kwargs, current_app=current_app)
  File "/Users/umutaraz/Desktop/Tüm hayatım burda/MediTracked/venv/lib/python3.13/site-packages/django/urls/base.py", line 98, in reverse
    resolved_url = resolver._reverse_with_prefix(view, prefix, *args, **kwargs)
  File "/Users/umutaraz/Desktop/Tüm hayatım burda/MediTracked/venv/lib/python3.13/site-packages/django/urls/resolvers.py", line 831, in _reverse_with_prefix
    raise NoReverseMatch(msg)
django.urls.exceptions.NoReverseMatch: Reverse for 'treatment-detail' not found. 'treatment-detail' is not a valid view function or pattern name.
"GET /dashboard/ HTTP/1.1" 500 200709
"GET /dashboard/ HTTP/1.1" 200 29729
"GET /theme/preference/ HTTP/1.1" 200 19
"GET /dashboard/ HTTP/1.1" 200 29729
"GET /theme/preference/ HTTP/1.1" 200 19
"GET /core/patients/ HTTP/1.1" 200 26335
"GET /theme/preference/ HTTP/1.1" 200 19
"GET /core/doctors/ HTTP/1.1" 200 31421
"GET /theme/preference/ HTTP/1.1" 200 19
"GET /core/appointments/ HTTP/1.1" 200 29401
"GET /theme/preference/ HTTP/1.1" 200 19
"GET /appointments/calendar/ HTTP/1.1" 200 27054
"GET /theme/preference/ HTTP/1.1" 200 19
Internal Server Error: /telemedicine/
Traceback (most recent call last):
  File "/Users/umutaraz/Desktop/Tüm hayatım burda/MediTracked/venv/lib/python3.13/site-packages/django/core/handlers/exception.py", line 55, in inner
    response = get_response(request)
  File "/Users/umutaraz/Desktop/Tüm hayatım burda/MediTracked/venv/lib/python3.13/site-packages/django/core/handlers/base.py", line 220, in _get_response
    response = response.render()
  File "/Users/umutaraz/Desktop/Tüm hayatım burda/MediTracked/venv/lib/python3.13/site-packages/django/template/response.py", line 114, in render
    self.content = self.rendered_content
                   ^^^^^^^^^^^^^^^^^^^^^
  File "/Users/umutaraz/Desktop/Tüm hayatım burda/MediTracked/venv/lib/python3.13/site-packages/django/template/response.py", line 90, in rendered_content
    template = self.resolve_template(self.template_name)
  File "/Users/umutaraz/Desktop/Tüm hayatım burda/MediTracked/venv/lib/python3.13/site-packages/django/template/response.py", line 72, in resolve_template
    return select_template(template, using=self.using)
  File "/Users/umutaraz/Desktop/Tüm hayatım burda/MediTracked/venv/lib/python3.13/site-packages/django/template/loader.py", line 47, in select_template
    raise TemplateDoesNotExist(", ".join(template_name_list), chain=chain)
django.template.exceptions.TemplateDoesNotExist: telemedicine/consultation_list.html, telemedicine/telemedicineconsultation_list.html
"GET /telemedicine/ HTTP/1.1" 500 84634
Internal Server Error: /core/analytics/
Traceback (most recent call last):
  File "/Users/umutaraz/Desktop/Tüm hayatım burda/MediTracked/venv/lib/python3.13/site-packages/django/core/handlers/exception.py", line 55, in inner
    response = get_response(request)
  File "/Users/umutaraz/Desktop/Tüm hayatım burda/MediTracked/venv/lib/python3.13/site-packages/django/core/handlers/base.py", line 197, in _get_response
    response = wrapped_callback(request, *callback_args, **callback_kwargs)
  File "/Users/umutaraz/Desktop/Tüm hayatım burda/MediTracked/venv/lib/python3.13/site-packages/django/contrib/auth/decorators.py", line 59, in _view_wrapper
    return view_func(request, *args, **kwargs)
  File "/Users/umutaraz/Desktop/Tüm hayatım burda/MediTracked/core/views.py", line 673, in analytics_dashboard
    return render(request, 'dashboards/analytics_dashboard.html', context)
  File "/Users/umutaraz/Desktop/Tüm hayatım burda/MediTracked/venv/lib/python3.13/site-packages/django/shortcuts.py", line 25, in render
    content = loader.render_to_string(template_name, context, request, using=using)
  File "/Users/umutaraz/Desktop/Tüm hayatım burda/MediTracked/venv/lib/python3.13/site-packages/django/template/loader.py", line 62, in render_to_string
    return template.render(context, request)
           ~~~~~~~~~~~~~~~^^^^^^^^^^^^^^^^^^
  File "/Users/umutaraz/Desktop/Tüm hayatım burda/MediTracked/venv/lib/python3.13/site-packages/django/template/backends/django.py", line 107, in render
    return self.template.render(context)
           ~~~~~~~~~~~~~~~~~~~~^^^^^^^^^
  File "/Users/umutaraz/Desktop/Tüm hayatım burda/MediTracked/venv/lib/python3.13/site-packages/django/template/base.py", line 171, in render
    return self._render(context)
           ~~~~~~~~~~~~^^^^^^^^^
  File "/Users/umutaraz/Desktop/Tüm hayatım burda/MediTracked/venv/lib/python3.13/site-packages/django/template/base.py", line 163, in _render
    return self.nodelist.render(context)
           ~~~~~~~~~~~~~~~~~~~~^^^^^^^^^
  File "/Users/umutaraz/Desktop/Tüm hayatım burda/MediTracked/venv/lib/python3.13/site-packages/django/template/base.py", line 1016, in render
    return SafeString("".join([node.render_annotated(context) for node in self]))
                               ~~~~~~~~~~~~~~~~~~~~~^^^^^^^^^
  File "/Users/umutaraz/Desktop/Tüm hayatım burda/MediTracked/venv/lib/python3.13/site-packages/django/template/base.py", line 977, in render_annotated
    return self.render(context)
           ~~~~~~~~~~~^^^^^^^^^
  File "/Users/umutaraz/Desktop/Tüm hayatım burda/MediTracked/venv/lib/python3.13/site-packages/django/template/loader_tags.py", line 159, in render
    return compiled_parent._render(context)
           ~~~~~~~~~~~~~~~~~~~~~~~^^^^^^^^^
  File "/Users/umutaraz/Desktop/Tüm hayatım burda/MediTracked/venv/lib/python3.13/site-packages/django/template/base.py", line 163, in _render
    return self.nodelist.render(context)
           ~~~~~~~~~~~~~~~~~~~~^^^^^^^^^
  File "/Users/umutaraz/Desktop/Tüm hayatım burda/MediTracked/venv/lib/python3.13/site-packages/django/template/base.py", line 1016, in render
    return SafeString("".join([node.render_annotated(context) for node in self]))
                               ~~~~~~~~~~~~~~~~~~~~~^^^^^^^^^
  File "/Users/umutaraz/Desktop/Tüm hayatım burda/MediTracked/venv/lib/python3.13/site-packages/django/template/base.py", line 977, in render_annotated
    return self.render(context)
           ~~~~~~~~~~~^^^^^^^^^
  File "/Users/umutaraz/Desktop/Tüm hayatım burda/MediTracked/venv/lib/python3.13/site-packages/django/template/loader_tags.py", line 65, in render
    result = block.nodelist.render(context)
  File "/Users/umutaraz/Desktop/Tüm hayatım burda/MediTracked/venv/lib/python3.13/site-packages/django/template/base.py", line 1016, in render
    return SafeString("".join([node.render_annotated(context) for node in self]))
                               ~~~~~~~~~~~~~~~~~~~~~^^^^^^^^^
  File "/Users/umutaraz/Desktop/Tüm hayatım burda/MediTracked/venv/lib/python3.13/site-packages/django/template/base.py", line 977, in render_annotated
    return self.render(context)
           ~~~~~~~~~~~^^^^^^^^^
  File "/Users/umutaraz/Desktop/Tüm hayatım burda/MediTracked/venv/lib/python3.13/site-packages/django/template/defaulttags.py", line 480, in render
    url = reverse(view_name, args=args, kwargs=kwargs, current_app=current_app)
  File "/Users/umutaraz/Desktop/Tüm hayatım burda/MediTracked/venv/lib/python3.13/site-packages/django/urls/base.py", line 98, in reverse
    resolved_url = resolver._reverse_with_prefix(view, prefix, *args, **kwargs)
  File "/Users/umutaraz/Desktop/Tüm hayatım burda/MediTracked/venv/lib/python3.13/site-packages/django/urls/resolvers.py", line 831, in _reverse_with_prefix
    raise NoReverseMatch(msg)
django.urls.exceptions.NoReverseMatch: Reverse for 'analytics_data' not found. 'analytics_data' is not a valid view function or pattern name.
"GET /core/analytics/ HTTP/1.1" 500 196710
Internal Server Error: /core/analytics/
Traceback (most recent call last):
  File "/Users/umutaraz/Desktop/Tüm hayatım burda/MediTracked/venv/lib/python3.13/site-packages/django/core/handlers/exception.py", line 55, in inner
    response = get_response(request)
  File "/Users/umutaraz/Desktop/Tüm hayatım burda/MediTracked/venv/lib/python3.13/site-packages/django/core/handlers/base.py", line 197, in _get_response
    response = wrapped_callback(request, *callback_args, **callback_kwargs)
  File "/Users/umutaraz/Desktop/Tüm hayatım burda/MediTracked/venv/lib/python3.13/site-packages/django/contrib/auth/decorators.py", line 59, in _view_wrapper
    return view_func(request, *args, **kwargs)
  File "/Users/umutaraz/Desktop/Tüm hayatım burda/MediTracked/core/views.py", line 673, in analytics_dashboard
    return render(request, 'dashboards/analytics_dashboard.html', context)
  File "/Users/umutaraz/Desktop/Tüm hayatım burda/MediTracked/venv/lib/python3.13/site-packages/django/shortcuts.py", line 25, in render
    content = loader.render_to_string(template_name, context, request, using=using)
  File "/Users/umutaraz/Desktop/Tüm hayatım burda/MediTracked/venv/lib/python3.13/site-packages/django/template/loader.py", line 62, in render_to_string
    return template.render(context, request)
           ~~~~~~~~~~~~~~~^^^^^^^^^^^^^^^^^^
  File "/Users/umutaraz/Desktop/Tüm hayatım burda/MediTracked/venv/lib/python3.13/site-packages/django/template/backends/django.py", line 107, in render
    return self.template.render(context)
           ~~~~~~~~~~~~~~~~~~~~^^^^^^^^^
  File "/Users/umutaraz/Desktop/Tüm hayatım burda/MediTracked/venv/lib/python3.13/site-packages/django/template/base.py", line 171, in render
    return self._render(context)
           ~~~~~~~~~~~~^^^^^^^^^
  File "/Users/umutaraz/Desktop/Tüm hayatım burda/MediTracked/venv/lib/python3.13/site-packages/django/template/base.py", line 163, in _render
    return self.nodelist.render(context)
           ~~~~~~~~~~~~~~~~~~~~^^^^^^^^^
  File "/Users/umutaraz/Desktop/Tüm hayatım burda/MediTracked/venv/lib/python3.13/site-packages/django/template/base.py", line 1016, in render
    return SafeString("".join([node.render_annotated(context) for node in self]))
                               ~~~~~~~~~~~~~~~~~~~~~^^^^^^^^^
  File "/Users/umutaraz/Desktop/Tüm hayatım burda/MediTracked/venv/lib/python3.13/site-packages/django/template/base.py", line 977, in render_annotated
    return self.render(context)
           ~~~~~~~~~~~^^^^^^^^^
  File "/Users/umutaraz/Desktop/Tüm hayatım burda/MediTracked/venv/lib/python3.13/site-packages/django/template/loader_tags.py", line 159, in render
    return compiled_parent._render(context)
           ~~~~~~~~~~~~~~~~~~~~~~~^^^^^^^^^
  File "/Users/umutaraz/Desktop/Tüm hayatım burda/MediTracked/venv/lib/python3.13/site-packages/django/template/base.py", line 163, in _render
    return self.nodelist.render(context)
           ~~~~~~~~~~~~~~~~~~~~^^^^^^^^^
  File "/Users/umutaraz/Desktop/Tüm hayatım burda/MediTracked/venv/lib/python3.13/site-packages/django/template/base.py", line 1016, in render
    return SafeString("".join([node.render_annotated(context) for node in self]))
                               ~~~~~~~~~~~~~~~~~~~~~^^^^^^^^^
  File "/Users/umutaraz/Desktop/Tüm hayatım burda/MediTracked/venv/lib/python3.13/site-packages/django/template/base.py", line 977, in render_annotated
    return self.render(context)
           ~~~~~~~~~~~^^^^^^^^^
  File "/Users/umutaraz/Desktop/Tüm hayatım burda/MediTracked/venv/lib/python3.13/site-packages/django/template/loader_tags.py", line 65, in render
    result = block.nodelist.render(context)
  File "/Users/umutaraz/Desktop/Tüm hayatım burda/MediTracked/venv/lib/python3.13/site-packages/django/template/base.py", line 1016, in render
    return SafeString("".join([node.render_annotated(context) for node in self]))
                               ~~~~~~~~~~~~~~~~~~~~~^^^^^^^^^
  File "/Users/umutaraz/Desktop/Tüm hayatım burda/MediTracked/venv/lib/python3.13/site-packages/django/template/base.py", line 977, in render_annotated
    return self.render(context)
           ~~~~~~~~~~~^^^^^^^^^
  File "/Users/umutaraz/Desktop/Tüm hayatım burda/MediTracked/venv/lib/python3.13/site-packages/django/template/defaulttags.py", line 480, in render
    url = reverse(view_name, args=args, kwargs=kwargs, current_app=current_app)
  File "/Users/umutaraz/Desktop/Tüm hayatım burda/MediTracked/venv/lib/python3.13/site-packages/django/urls/base.py", line 98, in reverse
    resolved_url = resolver._reverse_with_prefix(view, prefix, *args, **kwargs)
  File "/Users/umutaraz/Desktop/Tüm hayatım burda/MediTracked/venv/lib/python3.13/site-packages/django/urls/resolvers.py", line 831, in _reverse_with_prefix
    raise NoReverseMatch(msg)
django.urls.exceptions.NoReverseMatch: Reverse for 'analytics_data' not found. 'analytics_data' is not a valid view function or pattern name.
"GET /core/analytics/ HTTP/1.1" 500 196710
Internal Server Error: /core/analytics/
Traceback (most recent call last):
  File "/Users/umutaraz/Desktop/Tüm hayatım burda/MediTracked/venv/lib/python3.13/site-packages/django/core/handlers/exception.py", line 55, in inner
    response = get_response(request)
  File "/Users/umutaraz/Desktop/Tüm hayatım burda/MediTracked/venv/lib/python3.13/site-packages/django/core/handlers/base.py", line 197, in _get_response
    response = wrapped_callback(request, *callback_args, **callback_kwargs)
  File "/Users/umutaraz/Desktop/Tüm hayatım burda/MediTracked/venv/lib/python3.13/site-packages/django/contrib/auth/decorators.py", line 59, in _view_wrapper
    return view_func(request, *args, **kwargs)
  File "/Users/umutaraz/Desktop/Tüm hayatım burda/MediTracked/core/views.py", line 673, in analytics_dashboard
    return render(request, 'dashboards/analytics_dashboard.html', context)
  File "/Users/umutaraz/Desktop/Tüm hayatım burda/MediTracked/venv/lib/python3.13/site-packages/django/shortcuts.py", line 25, in render
    content = loader.render_to_string(template_name, context, request, using=using)
  File "/Users/umutaraz/Desktop/Tüm hayatım burda/MediTracked/venv/lib/python3.13/site-packages/django/template/loader.py", line 62, in render_to_string
    return template.render(context, request)
           ~~~~~~~~~~~~~~~^^^^^^^^^^^^^^^^^^
  File "/Users/umutaraz/Desktop/Tüm hayatım burda/MediTracked/venv/lib/python3.13/site-packages/django/template/backends/django.py", line 107, in render
    return self.template.render(context)
           ~~~~~~~~~~~~~~~~~~~~^^^^^^^^^
  File "/Users/umutaraz/Desktop/Tüm hayatım burda/MediTracked/venv/lib/python3.13/site-packages/django/template/base.py", line 171, in render
    return self._render(context)
           ~~~~~~~~~~~~^^^^^^^^^
  File "/Users/umutaraz/Desktop/Tüm hayatım burda/MediTracked/venv/lib/python3.13/site-packages/django/template/base.py", line 163, in _render
    return self.nodelist.render(context)
           ~~~~~~~~~~~~~~~~~~~~^^^^^^^^^
  File "/Users/umutaraz/Desktop/Tüm hayatım burda/MediTracked/venv/lib/python3.13/site-packages/django/template/base.py", line 1016, in render
    return SafeString("".join([node.render_annotated(context) for node in self]))
                               ~~~~~~~~~~~~~~~~~~~~~^^^^^^^^^
  File "/Users/umutaraz/Desktop/Tüm hayatım burda/MediTracked/venv/lib/python3.13/site-packages/django/template/base.py", line 977, in render_annotated
    return self.render(context)
           ~~~~~~~~~~~^^^^^^^^^
  File "/Users/umutaraz/Desktop/Tüm hayatım burda/MediTracked/venv/lib/python3.13/site-packages/django/template/loader_tags.py", line 159, in render
    return compiled_parent._render(context)
           ~~~~~~~~~~~~~~~~~~~~~~~^^^^^^^^^
  File "/Users/umutaraz/Desktop/Tüm hayatım burda/MediTracked/venv/lib/python3.13/site-packages/django/template/base.py", line 163, in _render
    return self.nodelist.render(context)
           ~~~~~~~~~~~~~~~~~~~~^^^^^^^^^
  File "/Users/umutaraz/Desktop/Tüm hayatım burda/MediTracked/venv/lib/python3.13/site-packages/django/template/base.py", line 1016, in render
    return SafeString("".join([node.render_annotated(context) for node in self]))
                               ~~~~~~~~~~~~~~~~~~~~~^^^^^^^^^
  File "/Users/umutaraz/Desktop/Tüm hayatım burda/MediTracked/venv/lib/python3.13/site-packages/django/template/base.py", line 977, in render_annotated
    return self.render(context)
           ~~~~~~~~~~~^^^^^^^^^
  File "/Users/umutaraz/Desktop/Tüm hayatım burda/MediTracked/venv/lib/python3.13/site-packages/django/template/loader_tags.py", line 65, in render
    result = block.nodelist.render(context)
  File "/Users/umutaraz/Desktop/Tüm hayatım burda/MediTracked/venv/lib/python3.13/site-packages/django/template/base.py", line 1016, in render
    return SafeString("".join([node.render_annotated(context) for node in self]))
                               ~~~~~~~~~~~~~~~~~~~~~^^^^^^^^^
  File "/Users/umutaraz/Desktop/Tüm hayatım burda/MediTracked/venv/lib/python3.13/site-packages/django/template/base.py", line 977, in render_annotated
    return self.render(context)
           ~~~~~~~~~~~^^^^^^^^^
  File "/Users/umutaraz/Desktop/Tüm hayatım burda/MediTracked/venv/lib/python3.13/site-packages/django/template/defaulttags.py", line 480, in render
    url = reverse(view_name, args=args, kwargs=kwargs, current_app=current_app)
  File "/Users/umutaraz/Desktop/Tüm hayatım burda/MediTracked/venv/lib/python3.13/site-packages/django/urls/base.py", line 98, in reverse
    resolved_url = resolver._reverse_with_prefix(view, prefix, *args, **kwargs)
  File "/Users/umutaraz/Desktop/Tüm hayatım burda/MediTracked/venv/lib/python3.13/site-packages/django/urls/resolvers.py", line 831, in _reverse_with_prefix
    raise NoReverseMatch(msg)
django.urls.exceptions.NoReverseMatch: Reverse for 'recent_activity' not found. 'recent_activity' is not a valid view function or pattern name.
"GET /core/analytics/ HTTP/1.1" 500 196293
Internal Server Error: /core/analytics/
Traceback (most recent call last):
  File "/Users/umutaraz/Desktop/Tüm hayatım burda/MediTracked/venv/lib/python3.13/site-packages/django/core/handlers/exception.py", line 55, in inner
    response = get_response(request)
  File "/Users/umutaraz/Desktop/Tüm hayatım burda/MediTracked/venv/lib/python3.13/site-packages/django/core/handlers/base.py", line 197, in _get_response
    response = wrapped_callback(request, *callback_args, **callback_kwargs)
  File "/Users/umutaraz/Desktop/Tüm hayatım burda/MediTracked/venv/lib/python3.13/site-packages/django/contrib/auth/decorators.py", line 59, in _view_wrapper
    return view_func(request, *args, **kwargs)
  File "/Users/umutaraz/Desktop/Tüm hayatım burda/MediTracked/core/views.py", line 673, in analytics_dashboard
    return render(request, 'dashboards/analytics_dashboard.html', context)
  File "/Users/umutaraz/Desktop/Tüm hayatım burda/MediTracked/venv/lib/python3.13/site-packages/django/shortcuts.py", line 25, in render
    content = loader.render_to_string(template_name, context, request, using=using)
  File "/Users/umutaraz/Desktop/Tüm hayatım burda/MediTracked/venv/lib/python3.13/site-packages/django/template/loader.py", line 62, in render_to_string
    return template.render(context, request)
           ~~~~~~~~~~~~~~~^^^^^^^^^^^^^^^^^^
  File "/Users/umutaraz/Desktop/Tüm hayatım burda/MediTracked/venv/lib/python3.13/site-packages/django/template/backends/django.py", line 107, in render
    return self.template.render(context)
           ~~~~~~~~~~~~~~~~~~~~^^^^^^^^^
  File "/Users/umutaraz/Desktop/Tüm hayatım burda/MediTracked/venv/lib/python3.13/site-packages/django/template/base.py", line 171, in render
    return self._render(context)
           ~~~~~~~~~~~~^^^^^^^^^
  File "/Users/umutaraz/Desktop/Tüm hayatım burda/MediTracked/venv/lib/python3.13/site-packages/django/template/base.py", line 163, in _render
    return self.nodelist.render(context)
           ~~~~~~~~~~~~~~~~~~~~^^^^^^^^^
  File "/Users/umutaraz/Desktop/Tüm hayatım burda/MediTracked/venv/lib/python3.13/site-packages/django/template/base.py", line 1016, in render
    return SafeString("".join([node.render_annotated(context) for node in self]))
                               ~~~~~~~~~~~~~~~~~~~~~^^^^^^^^^
  File "/Users/umutaraz/Desktop/Tüm hayatım burda/MediTracked/venv/lib/python3.13/site-packages/django/template/base.py", line 977, in render_annotated
    return self.render(context)
           ~~~~~~~~~~~^^^^^^^^^
  File "/Users/umutaraz/Desktop/Tüm hayatım burda/MediTracked/venv/lib/python3.13/site-packages/django/template/loader_tags.py", line 159, in render
    return compiled_parent._render(context)
           ~~~~~~~~~~~~~~~~~~~~~~~^^^^^^^^^
  File "/Users/umutaraz/Desktop/Tüm hayatım burda/MediTracked/venv/lib/python3.13/site-packages/django/template/base.py", line 163, in _render
    return self.nodelist.render(context)
           ~~~~~~~~~~~~~~~~~~~~^^^^^^^^^
  File "/Users/umutaraz/Desktop/Tüm hayatım burda/MediTracked/venv/lib/python3.13/site-packages/django/template/base.py", line 1016, in render
    return SafeString("".join([node.render_annotated(context) for node in self]))
                               ~~~~~~~~~~~~~~~~~~~~~^^^^^^^^^
  File "/Users/umutaraz/Desktop/Tüm hayatım burda/MediTracked/venv/lib/python3.13/site-packages/django/template/base.py", line 977, in render_annotated
    return self.render(context)
           ~~~~~~~~~~~^^^^^^^^^
  File "/Users/umutaraz/Desktop/Tüm hayatım burda/MediTracked/venv/lib/python3.13/site-packages/django/template/loader_tags.py", line 65, in render
    result = block.nodelist.render(context)
  File "/Users/umutaraz/Desktop/Tüm hayatım burda/MediTracked/venv/lib/python3.13/site-packages/django/template/base.py", line 1016, in render
    return SafeString("".join([node.render_annotated(context) for node in self]))
                               ~~~~~~~~~~~~~~~~~~~~~^^^^^^^^^
  File "/Users/umutaraz/Desktop/Tüm hayatım burda/MediTracked/venv/lib/python3.13/site-packages/django/template/base.py", line 977, in render_annotated
    return self.render(context)
           ~~~~~~~~~~~^^^^^^^^^
  File "/Users/umutaraz/Desktop/Tüm hayatım burda/MediTracked/venv/lib/python3.13/site-packages/django/template/defaulttags.py", line 480, in render
    url = reverse(view_name, args=args, kwargs=kwargs, current_app=current_app)
  File "/Users/umutaraz/Desktop/Tüm hayatım burda/MediTracked/venv/lib/python3.13/site-packages/django/urls/base.py", line 98, in reverse
    resolved_url = resolver._reverse_with_prefix(view, prefix, *args, **kwargs)
  File "/Users/umutaraz/Desktop/Tüm hayatım burda/MediTracked/venv/lib/python3.13/site-packages/django/urls/resolvers.py", line 831, in _reverse_with_prefix
    raise NoReverseMatch(msg)
django.urls.exceptions.NoReverseMatch: Reverse for 'recent_activity' not found. 'recent_activity' is not a valid view function or pattern name.
"GET /core/analytics/ HTTP/1.1" 500 196293
Internal Server Error: /core/analytics/
Traceback (most recent call last):
  File "/Users/umutaraz/Desktop/Tüm hayatım burda/MediTracked/venv/lib/python3.13/site-packages/django/core/handlers/exception.py", line 55, in inner
    response = get_response(request)
  File "/Users/umutaraz/Desktop/Tüm hayatım burda/MediTracked/venv/lib/python3.13/site-packages/django/core/handlers/base.py", line 197, in _get_response
    response = wrapped_callback(request, *callback_args, **callback_kwargs)
  File "/Users/umutaraz/Desktop/Tüm hayatım burda/MediTracked/venv/lib/python3.13/site-packages/django/contrib/auth/decorators.py", line 59, in _view_wrapper
    return view_func(request, *args, **kwargs)
  File "/Users/umutaraz/Desktop/Tüm hayatım burda/MediTracked/core/views.py", line 673, in analytics_dashboard
    return render(request, 'dashboards/analytics_dashboard.html', context)
  File "/Users/umutaraz/Desktop/Tüm hayatım burda/MediTracked/venv/lib/python3.13/site-packages/django/shortcuts.py", line 25, in render
    content = loader.render_to_string(template_name, context, request, using=using)
  File "/Users/umutaraz/Desktop/Tüm hayatım burda/MediTracked/venv/lib/python3.13/site-packages/django/template/loader.py", line 62, in render_to_string
    return template.render(context, request)
           ~~~~~~~~~~~~~~~^^^^^^^^^^^^^^^^^^
  File "/Users/umutaraz/Desktop/Tüm hayatım burda/MediTracked/venv/lib/python3.13/site-packages/django/template/backends/django.py", line 107, in render
    return self.template.render(context)
           ~~~~~~~~~~~~~~~~~~~~^^^^^^^^^
  File "/Users/umutaraz/Desktop/Tüm hayatım burda/MediTracked/venv/lib/python3.13/site-packages/django/template/base.py", line 171, in render
    return self._render(context)
           ~~~~~~~~~~~~^^^^^^^^^
  File "/Users/umutaraz/Desktop/Tüm hayatım burda/MediTracked/venv/lib/python3.13/site-packages/django/template/base.py", line 163, in _render
    return self.nodelist.render(context)
           ~~~~~~~~~~~~~~~~~~~~^^^^^^^^^
  File "/Users/umutaraz/Desktop/Tüm hayatım burda/MediTracked/venv/lib/python3.13/site-packages/django/template/base.py", line 1016, in render
    return SafeString("".join([node.render_annotated(context) for node in self]))
                               ~~~~~~~~~~~~~~~~~~~~~^^^^^^^^^
  File "/Users/umutaraz/Desktop/Tüm hayatım burda/MediTracked/venv/lib/python3.13/site-packages/django/template/base.py", line 977, in render_annotated
    return self.render(context)
           ~~~~~~~~~~~^^^^^^^^^
  File "/Users/umutaraz/Desktop/Tüm hayatım burda/MediTracked/venv/lib/python3.13/site-packages/django/template/loader_tags.py", line 159, in render
    return compiled_parent._render(context)
           ~~~~~~~~~~~~~~~~~~~~~~~^^^^^^^^^
  File "/Users/umutaraz/Desktop/Tüm hayatım burda/MediTracked/venv/lib/python3.13/site-packages/django/template/base.py", line 163, in _render
    return self.nodelist.render(context)
           ~~~~~~~~~~~~~~~~~~~~^^^^^^^^^
  File "/Users/umutaraz/Desktop/Tüm hayatım burda/MediTracked/venv/lib/python3.13/site-packages/django/template/base.py", line 1016, in render
    return SafeString("".join([node.render_annotated(context) for node in self]))
                               ~~~~~~~~~~~~~~~~~~~~~^^^^^^^^^
  File "/Users/umutaraz/Desktop/Tüm hayatım burda/MediTracked/venv/lib/python3.13/site-packages/django/template/base.py", line 977, in render_annotated
    return self.render(context)
           ~~~~~~~~~~~^^^^^^^^^
  File "/Users/umutaraz/Desktop/Tüm hayatım burda/MediTracked/venv/lib/python3.13/site-packages/django/template/loader_tags.py", line 65, in render
    result = block.nodelist.render(context)
  File "/Users/umutaraz/Desktop/Tüm hayatım burda/MediTracked/venv/lib/python3.13/site-packages/django/template/base.py", line 1016, in render
    return SafeString("".join([node.render_annotated(context) for node in self]))
                               ~~~~~~~~~~~~~~~~~~~~~^^^^^^^^^
  File "/Users/umutaraz/Desktop/Tüm hayatım burda/MediTracked/venv/lib/python3.13/site-packages/django/template/base.py", line 977, in render_annotated
    return self.render(context)
           ~~~~~~~~~~~^^^^^^^^^
  File "/Users/umutaraz/Desktop/Tüm hayatım burda/MediTracked/venv/lib/python3.13/site-packages/django/template/defaulttags.py", line 480, in render
    url = reverse(view_name, args=args, kwargs=kwargs, current_app=current_app)
  File "/Users/umutaraz/Desktop/Tüm hayatım burda/MediTracked/venv/lib/python3.13/site-packages/django/urls/base.py", line 98, in reverse
    resolved_url = resolver._reverse_with_prefix(view, prefix, *args, **kwargs)
  File "/Users/umutaraz/Desktop/Tüm hayatım burda/MediTracked/venv/lib/python3.13/site-packages/django/urls/resolvers.py", line 831, in _reverse_with_prefix
    raise NoReverseMatch(msg)
django.urls.exceptions.NoReverseMatch: Reverse for 'recent_activity' not found. 'recent_activity' is not a valid view function or pattern name.
"GET /core/analytics/ HTTP/1.1" 500 196293
/Users/umutaraz/Desktop/Tüm hayatım burda/MediTracked/core/views_dashboard.py changed, reloading.
Watching for file changes with StatReloader
/Users/umutaraz/Desktop/Tüm hayatım burda/MediTracked/core/urls.py changed, reloading.
Watching for file changes with StatReloader
/Users/umutaraz/Desktop/Tüm hayatım burda/MediTracked/core/urls.py changed, reloading.
Watching for file changes with StatReloader
Internal Server Error: /core/analytics/
Traceback (most recent call last):
  File "/Users/umutaraz/Desktop/Tüm hayatım burda/MediTracked/venv/lib/python3.13/site-packages/django/core/handlers/exception.py", line 55, in inner
    response = get_response(request)
  File "/Users/umutaraz/Desktop/Tüm hayatım burda/MediTracked/venv/lib/python3.13/site-packages/django/core/handlers/base.py", line 197, in _get_response
    response = wrapped_callback(request, *callback_args, **callback_kwargs)
  File "/Users/umutaraz/Desktop/Tüm hayatım burda/MediTracked/venv/lib/python3.13/site-packages/django/contrib/auth/decorators.py", line 59, in _view_wrapper
    return view_func(request, *args, **kwargs)
  File "/Users/umutaraz/Desktop/Tüm hayatım burda/MediTracked/core/views.py", line 673, in analytics_dashboard
    return render(request, 'dashboards/analytics_dashboard.html', context)
  File "/Users/umutaraz/Desktop/Tüm hayatım burda/MediTracked/venv/lib/python3.13/site-packages/django/shortcuts.py", line 25, in render
    content = loader.render_to_string(template_name, context, request, using=using)
  File "/Users/umutaraz/Desktop/Tüm hayatım burda/MediTracked/venv/lib/python3.13/site-packages/django/template/loader.py", line 62, in render_to_string
    return template.render(context, request)
           ~~~~~~~~~~~~~~~^^^^^^^^^^^^^^^^^^
  File "/Users/umutaraz/Desktop/Tüm hayatım burda/MediTracked/venv/lib/python3.13/site-packages/django/template/backends/django.py", line 107, in render
    return self.template.render(context)
           ~~~~~~~~~~~~~~~~~~~~^^^^^^^^^
  File "/Users/umutaraz/Desktop/Tüm hayatım burda/MediTracked/venv/lib/python3.13/site-packages/django/template/base.py", line 171, in render
    return self._render(context)
           ~~~~~~~~~~~~^^^^^^^^^
  File "/Users/umutaraz/Desktop/Tüm hayatım burda/MediTracked/venv/lib/python3.13/site-packages/django/template/base.py", line 163, in _render
    return self.nodelist.render(context)
           ~~~~~~~~~~~~~~~~~~~~^^^^^^^^^
  File "/Users/umutaraz/Desktop/Tüm hayatım burda/MediTracked/venv/lib/python3.13/site-packages/django/template/base.py", line 1016, in render
    return SafeString("".join([node.render_annotated(context) for node in self]))
                               ~~~~~~~~~~~~~~~~~~~~~^^^^^^^^^
  File "/Users/umutaraz/Desktop/Tüm hayatım burda/MediTracked/venv/lib/python3.13/site-packages/django/template/base.py", line 977, in render_annotated
    return self.render(context)
           ~~~~~~~~~~~^^^^^^^^^
  File "/Users/umutaraz/Desktop/Tüm hayatım burda/MediTracked/venv/lib/python3.13/site-packages/django/template/loader_tags.py", line 159, in render
    return compiled_parent._render(context)
           ~~~~~~~~~~~~~~~~~~~~~~~^^^^^^^^^
  File "/Users/umutaraz/Desktop/Tüm hayatım burda/MediTracked/venv/lib/python3.13/site-packages/django/template/base.py", line 163, in _render
    return self.nodelist.render(context)
           ~~~~~~~~~~~~~~~~~~~~^^^^^^^^^
  File "/Users/umutaraz/Desktop/Tüm hayatım burda/MediTracked/venv/lib/python3.13/site-packages/django/template/base.py", line 1016, in render
    return SafeString("".join([node.render_annotated(context) for node in self]))
                               ~~~~~~~~~~~~~~~~~~~~~^^^^^^^^^
  File "/Users/umutaraz/Desktop/Tüm hayatım burda/MediTracked/venv/lib/python3.13/site-packages/django/template/base.py", line 977, in render_annotated
    return self.render(context)
           ~~~~~~~~~~~^^^^^^^^^
  File "/Users/umutaraz/Desktop/Tüm hayatım burda/MediTracked/venv/lib/python3.13/site-packages/django/template/loader_tags.py", line 65, in render
    result = block.nodelist.render(context)
  File "/Users/umutaraz/Desktop/Tüm hayatım burda/MediTracked/venv/lib/python3.13/site-packages/django/template/base.py", line 1016, in render
    return SafeString("".join([node.render_annotated(context) for node in self]))
                               ~~~~~~~~~~~~~~~~~~~~~^^^^^^^^^
  File "/Users/umutaraz/Desktop/Tüm hayatım burda/MediTracked/venv/lib/python3.13/site-packages/django/template/base.py", line 977, in render_annotated
    return self.render(context)
           ~~~~~~~~~~~^^^^^^^^^
  File "/Users/umutaraz/Desktop/Tüm hayatım burda/MediTracked/venv/lib/python3.13/site-packages/django/template/defaulttags.py", line 480, in render
    url = reverse(view_name, args=args, kwargs=kwargs, current_app=current_app)
  File "/Users/umutaraz/Desktop/Tüm hayatım burda/MediTracked/venv/lib/python3.13/site-packages/django/urls/base.py", line 98, in reverse
    resolved_url = resolver._reverse_with_prefix(view, prefix, *args, **kwargs)
  File "/Users/umutaraz/Desktop/Tüm hayatım burda/MediTracked/venv/lib/python3.13/site-packages/django/urls/resolvers.py", line 831, in _reverse_with_prefix
    raise NoReverseMatch(msg)
django.urls.exceptions.NoReverseMatch: Reverse for 'export_analytics' not found. 'export_analytics' is not a valid view function or pattern name.
"GET /core/analytics/ HTTP/1.1" 500 196074
/Users/umutaraz/Desktop/Tüm hayatım burda/MediTracked/core/views_dashboard.py changed, reloading.
Watching for file changes with StatReloader
Internal Server Error: /core/analytics/
Traceback (most recent call last):
  File "/Users/umutaraz/Desktop/Tüm hayatım burda/MediTracked/venv/lib/python3.13/site-packages/django/core/handlers/exception.py", line 55, in inner
    response = get_response(request)
  File "/Users/umutaraz/Desktop/Tüm hayatım burda/MediTracked/venv/lib/python3.13/site-packages/django/core/handlers/base.py", line 197, in _get_response
    response = wrapped_callback(request, *callback_args, **callback_kwargs)
  File "/Users/umutaraz/Desktop/Tüm hayatım burda/MediTracked/venv/lib/python3.13/site-packages/django/contrib/auth/decorators.py", line 59, in _view_wrapper
    return view_func(request, *args, **kwargs)
  File "/Users/umutaraz/Desktop/Tüm hayatım burda/MediTracked/core/views.py", line 673, in analytics_dashboard
    return render(request, 'dashboards/analytics_dashboard.html', context)
  File "/Users/umutaraz/Desktop/Tüm hayatım burda/MediTracked/venv/lib/python3.13/site-packages/django/shortcuts.py", line 25, in render
    content = loader.render_to_string(template_name, context, request, using=using)
  File "/Users/umutaraz/Desktop/Tüm hayatım burda/MediTracked/venv/lib/python3.13/site-packages/django/template/loader.py", line 62, in render_to_string
    return template.render(context, request)
           ~~~~~~~~~~~~~~~^^^^^^^^^^^^^^^^^^
  File "/Users/umutaraz/Desktop/Tüm hayatım burda/MediTracked/venv/lib/python3.13/site-packages/django/template/backends/django.py", line 107, in render
    return self.template.render(context)
           ~~~~~~~~~~~~~~~~~~~~^^^^^^^^^
  File "/Users/umutaraz/Desktop/Tüm hayatım burda/MediTracked/venv/lib/python3.13/site-packages/django/template/base.py", line 171, in render
    return self._render(context)
           ~~~~~~~~~~~~^^^^^^^^^
  File "/Users/umutaraz/Desktop/Tüm hayatım burda/MediTracked/venv/lib/python3.13/site-packages/django/template/base.py", line 163, in _render
    return self.nodelist.render(context)
           ~~~~~~~~~~~~~~~~~~~~^^^^^^^^^
  File "/Users/umutaraz/Desktop/Tüm hayatım burda/MediTracked/venv/lib/python3.13/site-packages/django/template/base.py", line 1016, in render
    return SafeString("".join([node.render_annotated(context) for node in self]))
                               ~~~~~~~~~~~~~~~~~~~~~^^^^^^^^^
  File "/Users/umutaraz/Desktop/Tüm hayatım burda/MediTracked/venv/lib/python3.13/site-packages/django/template/base.py", line 977, in render_annotated
    return self.render(context)
           ~~~~~~~~~~~^^^^^^^^^
  File "/Users/umutaraz/Desktop/Tüm hayatım burda/MediTracked/venv/lib/python3.13/site-packages/django/template/loader_tags.py", line 159, in render
    return compiled_parent._render(context)
           ~~~~~~~~~~~~~~~~~~~~~~~^^^^^^^^^
  File "/Users/umutaraz/Desktop/Tüm hayatım burda/MediTracked/venv/lib/python3.13/site-packages/django/template/base.py", line 163, in _render
    return self.nodelist.render(context)
           ~~~~~~~~~~~~~~~~~~~~^^^^^^^^^
  File "/Users/umutaraz/Desktop/Tüm hayatım burda/MediTracked/venv/lib/python3.13/site-packages/django/template/base.py", line 1016, in render
    return SafeString("".join([node.render_annotated(context) for node in self]))
                               ~~~~~~~~~~~~~~~~~~~~~^^^^^^^^^
  File "/Users/umutaraz/Desktop/Tüm hayatım burda/MediTracked/venv/lib/python3.13/site-packages/django/template/base.py", line 977, in render_annotated
    return self.render(context)
           ~~~~~~~~~~~^^^^^^^^^
  File "/Users/umutaraz/Desktop/Tüm hayatım burda/MediTracked/venv/lib/python3.13/site-packages/django/template/loader_tags.py", line 65, in render
    result = block.nodelist.render(context)
  File "/Users/umutaraz/Desktop/Tüm hayatım burda/MediTracked/venv/lib/python3.13/site-packages/django/template/base.py", line 1016, in render
    return SafeString("".join([node.render_annotated(context) for node in self]))
                               ~~~~~~~~~~~~~~~~~~~~~^^^^^^^^^
  File "/Users/umutaraz/Desktop/Tüm hayatım burda/MediTracked/venv/lib/python3.13/site-packages/django/template/base.py", line 977, in render_annotated
    return self.render(context)
           ~~~~~~~~~~~^^^^^^^^^
  File "/Users/umutaraz/Desktop/Tüm hayatım burda/MediTracked/venv/lib/python3.13/site-packages/django/template/defaulttags.py", line 480, in render
    url = reverse(view_name, args=args, kwargs=kwargs, current_app=current_app)
  File "/Users/umutaraz/Desktop/Tüm hayatım burda/MediTracked/venv/lib/python3.13/site-packages/django/urls/base.py", line 98, in reverse
    resolved_url = resolver._reverse_with_prefix(view, prefix, *args, **kwargs)
  File "/Users/umutaraz/Desktop/Tüm hayatım burda/MediTracked/venv/lib/python3.13/site-packages/django/urls/resolvers.py", line 831, in _reverse_with_prefix
    raise NoReverseMatch(msg)
django.urls.exceptions.NoReverseMatch: Reverse for 'export_analytics' not found. 'export_analytics' is not a valid view function or pattern name.
"GET /core/analytics/ HTTP/1.1" 500 196074
/Users/umutaraz/Desktop/Tüm hayatım burda/MediTracked/core/urls.py changed, reloading.
Watching for file changes with StatReloader
Internal Server Error: /core/analytics/
Traceback (most recent call last):
  File "/Users/umutaraz/Desktop/Tüm hayatım burda/MediTracked/venv/lib/python3.13/site-packages/django/core/handlers/exception.py", line 55, in inner
    response = get_response(request)
  File "/Users/umutaraz/Desktop/Tüm hayatım burda/MediTracked/venv/lib/python3.13/site-packages/django/core/handlers/base.py", line 197, in _get_response
    response = wrapped_callback(request, *callback_args, **callback_kwargs)
  File "/Users/umutaraz/Desktop/Tüm hayatım burda/MediTracked/venv/lib/python3.13/site-packages/django/contrib/auth/decorators.py", line 59, in _view_wrapper
    return view_func(request, *args, **kwargs)
  File "/Users/umutaraz/Desktop/Tüm hayatım burda/MediTracked/core/views.py", line 673, in analytics_dashboard
    return render(request, 'dashboards/analytics_dashboard.html', context)
  File "/Users/umutaraz/Desktop/Tüm hayatım burda/MediTracked/venv/lib/python3.13/site-packages/django/shortcuts.py", line 25, in render
    content = loader.render_to_string(template_name, context, request, using=using)
  File "/Users/umutaraz/Desktop/Tüm hayatım burda/MediTracked/venv/lib/python3.13/site-packages/django/template/loader.py", line 62, in render_to_string
    return template.render(context, request)
           ~~~~~~~~~~~~~~~^^^^^^^^^^^^^^^^^^
  File "/Users/umutaraz/Desktop/Tüm hayatım burda/MediTracked/venv/lib/python3.13/site-packages/django/template/backends/django.py", line 107, in render
    return self.template.render(context)
           ~~~~~~~~~~~~~~~~~~~~^^^^^^^^^
  File "/Users/umutaraz/Desktop/Tüm hayatım burda/MediTracked/venv/lib/python3.13/site-packages/django/template/base.py", line 171, in render
    return self._render(context)
           ~~~~~~~~~~~~^^^^^^^^^
  File "/Users/umutaraz/Desktop/Tüm hayatım burda/MediTracked/venv/lib/python3.13/site-packages/django/template/base.py", line 163, in _render
    return self.nodelist.render(context)
           ~~~~~~~~~~~~~~~~~~~~^^^^^^^^^
  File "/Users/umutaraz/Desktop/Tüm hayatım burda/MediTracked/venv/lib/python3.13/site-packages/django/template/base.py", line 1016, in render
    return SafeString("".join([node.render_annotated(context) for node in self]))
                               ~~~~~~~~~~~~~~~~~~~~~^^^^^^^^^
  File "/Users/umutaraz/Desktop/Tüm hayatım burda/MediTracked/venv/lib/python3.13/site-packages/django/template/base.py", line 977, in render_annotated
    return self.render(context)
           ~~~~~~~~~~~^^^^^^^^^
  File "/Users/umutaraz/Desktop/Tüm hayatım burda/MediTracked/venv/lib/python3.13/site-packages/django/template/loader_tags.py", line 159, in render
    return compiled_parent._render(context)
           ~~~~~~~~~~~~~~~~~~~~~~~^^^^^^^^^
  File "/Users/umutaraz/Desktop/Tüm hayatım burda/MediTracked/venv/lib/python3.13/site-packages/django/template/base.py", line 163, in _render
    return self.nodelist.render(context)
           ~~~~~~~~~~~~~~~~~~~~^^^^^^^^^
  File "/Users/umutaraz/Desktop/Tüm hayatım burda/MediTracked/venv/lib/python3.13/site-packages/django/template/base.py", line 1016, in render
    return SafeString("".join([node.render_annotated(context) for node in self]))
                               ~~~~~~~~~~~~~~~~~~~~~^^^^^^^^^
  File "/Users/umutaraz/Desktop/Tüm hayatım burda/MediTracked/venv/lib/python3.13/site-packages/django/template/base.py", line 977, in render_annotated
    return self.render(context)
           ~~~~~~~~~~~^^^^^^^^^
  File "/Users/umutaraz/Desktop/Tüm hayatım burda/MediTracked/venv/lib/python3.13/site-packages/django/template/loader_tags.py", line 65, in render
    result = block.nodelist.render(context)
  File "/Users/umutaraz/Desktop/Tüm hayatım burda/MediTracked/venv/lib/python3.13/site-packages/django/template/base.py", line 1016, in render
    return SafeString("".join([node.render_annotated(context) for node in self]))
                               ~~~~~~~~~~~~~~~~~~~~~^^^^^^^^^
  File "/Users/umutaraz/Desktop/Tüm hayatım burda/MediTracked/venv/lib/python3.13/site-packages/django/template/base.py", line 977, in render_annotated
    return self.render(context)
           ~~~~~~~~~~~^^^^^^^^^
  File "/Users/umutaraz/Desktop/Tüm hayatım burda/MediTracked/venv/lib/python3.13/site-packages/django/template/defaulttags.py", line 480, in render
    url = reverse(view_name, args=args, kwargs=kwargs, current_app=current_app)
  File "/Users/umutaraz/Desktop/Tüm hayatım burda/MediTracked/venv/lib/python3.13/site-packages/django/urls/base.py", line 98, in reverse
    resolved_url = resolver._reverse_with_prefix(view, prefix, *args, **kwargs)
  File "/Users/umutaraz/Desktop/Tüm hayatım burda/MediTracked/venv/lib/python3.13/site-packages/django/urls/resolvers.py", line 831, in _reverse_with_prefix
    raise NoReverseMatch(msg)
django.urls.exceptions.NoReverseMatch: Reverse for 'export_analytics' not found. 'export_analytics' is not a valid view function or pattern name.
"GET /core/analytics/ HTTP/1.1" 500 196074
/Users/umutaraz/Desktop/Tüm hayatım burda/MediTracked/core/urls.py changed, reloading.
Watching for file changes with StatReloader
/Users/umutaraz/Desktop/Tüm hayatım burda/MediTracked/core/urls.py changed, reloading.
Watching for file changes with StatReloader
"GET /core/analytics/ HTTP/1.1" 200 43065
"GET /theme/preference/ HTTP/1.1" 200 19
"GET /core/patients/ HTTP/1.1" 200 26335
"GET /theme/preference/ HTTP/1.1" 200 19
"GET /dashboard/ HTTP/1.1" 200 29729
"GET /theme/preference/ HTTP/1.1" 200 19
"GET /appointments/calendar/ HTTP/1.1" 200 27054
"GET /theme/preference/ HTTP/1.1" 200 19
"GET /core/appointments/ HTTP/1.1" 200 29401
"GET /theme/preference/ HTTP/1.1" 200 19
"GET /core/analytics/ HTTP/1.1" 200 43065
"GET /theme/preference/ HTTP/1.1" 200 19
Internal Server Error: /core/ai-assistant/
Traceback (most recent call last):
  File "/Users/umutaraz/Desktop/Tüm hayatım burda/MediTracked/venv/lib/python3.13/site-packages/django/core/handlers/exception.py", line 55, in inner
    response = get_response(request)
  File "/Users/umutaraz/Desktop/Tüm hayatım burda/MediTracked/venv/lib/python3.13/site-packages/django/core/handlers/base.py", line 197, in _get_response
    response = wrapped_callback(request, *callback_args, **callback_kwargs)
  File "/Users/umutaraz/Desktop/Tüm hayatım burda/MediTracked/venv/lib/python3.13/site-packages/django/contrib/auth/decorators.py", line 59, in _view_wrapper
    return view_func(request, *args, **kwargs)
  File "/Users/umutaraz/Desktop/Tüm hayatım burda/MediTracked/core/views.py", line 685, in ai_assistant
    return render(request, 'core/ai_assistant.html', context)
  File "/Users/umutaraz/Desktop/Tüm hayatım burda/MediTracked/venv/lib/python3.13/site-packages/django/shortcuts.py", line 25, in render
    content = loader.render_to_string(template_name, context, request, using=using)
  File "/Users/umutaraz/Desktop/Tüm hayatım burda/MediTracked/venv/lib/python3.13/site-packages/django/template/loader.py", line 62, in render_to_string
    return template.render(context, request)
           ~~~~~~~~~~~~~~~^^^^^^^^^^^^^^^^^^
  File "/Users/umutaraz/Desktop/Tüm hayatım burda/MediTracked/venv/lib/python3.13/site-packages/django/template/backends/django.py", line 107, in render
    return self.template.render(context)
           ~~~~~~~~~~~~~~~~~~~~^^^^^^^^^
  File "/Users/umutaraz/Desktop/Tüm hayatım burda/MediTracked/venv/lib/python3.13/site-packages/django/template/base.py", line 171, in render
    return self._render(context)
           ~~~~~~~~~~~~^^^^^^^^^
  File "/Users/umutaraz/Desktop/Tüm hayatım burda/MediTracked/venv/lib/python3.13/site-packages/django/template/base.py", line 163, in _render
    return self.nodelist.render(context)
           ~~~~~~~~~~~~~~~~~~~~^^^^^^^^^
  File "/Users/umutaraz/Desktop/Tüm hayatım burda/MediTracked/venv/lib/python3.13/site-packages/django/template/base.py", line 1016, in render
    return SafeString("".join([node.render_annotated(context) for node in self]))
                               ~~~~~~~~~~~~~~~~~~~~~^^^^^^^^^
  File "/Users/umutaraz/Desktop/Tüm hayatım burda/MediTracked/venv/lib/python3.13/site-packages/django/template/base.py", line 977, in render_annotated
    return self.render(context)
           ~~~~~~~~~~~^^^^^^^^^
  File "/Users/umutaraz/Desktop/Tüm hayatım burda/MediTracked/venv/lib/python3.13/site-packages/django/template/loader_tags.py", line 159, in render
    return compiled_parent._render(context)
           ~~~~~~~~~~~~~~~~~~~~~~~^^^^^^^^^
  File "/Users/umutaraz/Desktop/Tüm hayatım burda/MediTracked/venv/lib/python3.13/site-packages/django/template/base.py", line 163, in _render
    return self.nodelist.render(context)
           ~~~~~~~~~~~~~~~~~~~~^^^^^^^^^
  File "/Users/umutaraz/Desktop/Tüm hayatım burda/MediTracked/venv/lib/python3.13/site-packages/django/template/base.py", line 1016, in render
    return SafeString("".join([node.render_annotated(context) for node in self]))
                               ~~~~~~~~~~~~~~~~~~~~~^^^^^^^^^
  File "/Users/umutaraz/Desktop/Tüm hayatım burda/MediTracked/venv/lib/python3.13/site-packages/django/template/base.py", line 977, in render_annotated
    return self.render(context)
           ~~~~~~~~~~~^^^^^^^^^
  File "/Users/umutaraz/Desktop/Tüm hayatım burda/MediTracked/venv/lib/python3.13/site-packages/django/template/loader_tags.py", line 65, in render
    result = block.nodelist.render(context)
  File "/Users/umutaraz/Desktop/Tüm hayatım burda/MediTracked/venv/lib/python3.13/site-packages/django/template/base.py", line 1016, in render
    return SafeString("".join([node.render_annotated(context) for node in self]))
                               ~~~~~~~~~~~~~~~~~~~~~^^^^^^^^^
  File "/Users/umutaraz/Desktop/Tüm hayatım burda/MediTracked/venv/lib/python3.13/site-packages/django/template/base.py", line 977, in render_annotated
    return self.render(context)
           ~~~~~~~~~~~^^^^^^^^^
  File "/Users/umutaraz/Desktop/Tüm hayatım burda/MediTracked/venv/lib/python3.13/site-packages/django/template/defaulttags.py", line 480, in render
    url = reverse(view_name, args=args, kwargs=kwargs, current_app=current_app)
  File "/Users/umutaraz/Desktop/Tüm hayatım burda/MediTracked/venv/lib/python3.13/site-packages/django/urls/base.py", line 98, in reverse
    resolved_url = resolver._reverse_with_prefix(view, prefix, *args, **kwargs)
  File "/Users/umutaraz/Desktop/Tüm hayatım burda/MediTracked/venv/lib/python3.13/site-packages/django/urls/resolvers.py", line 831, in _reverse_with_prefix
    raise NoReverseMatch(msg)
django.urls.exceptions.NoReverseMatch: Reverse for 'ai_chat' not found. 'ai_chat' is not a valid view function or pattern name.
"GET /core/ai-assistant/ HTTP/1.1" 500 155542
"GET /treatments/medications/ HTTP/1.1" 200 23640
"GET /theme/preference/ HTTP/1.1" 200 19
"GET /treatments/medical-images/ HTTP/1.1" 200 24538
"GET /theme/preference/ HTTP/1.1" 200 19
"GET /treatments/reports/ HTTP/1.1" 200 24360
"GET /theme/preference/ HTTP/1.1" 200 19
"GET /treatments/lab-tests/ HTTP/1.1" 200 23400
"GET /theme/preference/ HTTP/1.1" 200 19
"GET /core/notifications/ HTTP/1.1" 200 26864
"GET /theme/preference/ HTTP/1.1" 200 19
"GET /core/appointments/create/ HTTP/1.1" 200 26255
"GET /theme/preference/ HTTP/1.1" 200 19
"GET /dashboard/ HTTP/1.1" 200 29729
"GET /theme/preference/ HTTP/1.1" 200 19
"GET /core/analytics/ HTTP/1.1" 200 43065
"GET /theme/preference/ HTTP/1.1" 200 19
Watching for file changes with StatReloader
"GET / HTTP/1.1" 200 16919
"GET /static/assets/js/theme.js HTTP/1.1" 200 3625
"GET /static/assets/css/theme.css HTTP/1.1" 200 2834
"GET /static/assets/js/scripts.bundle.js HTTP/1.1" 200 238050
"GET /static/assets/plugins/global/plugins.bundle.css HTTP/1.1" 200 879267
"GET /static/assets/css/style.bundle.css HTTP/1.1" 200 1538590
"GET /static/assets/plugins/global/plugins.bundle.js HTTP/1.1" 200 3558077
"GET /static/assets/plugins/global/fonts/keenicons/keenicons-outline.ttf?fzo4bm HTTP/1.1" 200 246764
"GET /theme/preference/ HTTP/1.1" 302 0
"GET /login/?next=/theme/preference/ HTTP/1.1" 200 9176
"GET /static/assets/media/logos/favicon.png HTTP/1.1" 200 65582
"GET /login/ HTTP/1.1" 200 9158
"GET /login/ HTTP/1.1" 200 9158
"POST /login/ HTTP/1.1" 302 0
"GET /dashboard/ HTTP/1.1" 200 24209
"GET /static/assets/plugins/global/fonts/@fortawesome/fa-solid-900.woff2 HTTP/1.1" 200 157192
"GET /theme/preference/ HTTP/1.1" 200 20
Internal Server Error: /core/doctors/
Traceback (most recent call last):
  File "/Users/umutaraz/Desktop/Projeler/MediTrack/MediTrack/venv/lib/python3.13/site-packages/django/core/handlers/exception.py", line 55, in inner
    response = get_response(request)
  File "/Users/umutaraz/Desktop/Projeler/MediTrack/MediTrack/venv/lib/python3.13/site-packages/django/core/handlers/base.py", line 220, in _get_response
    response = response.render()
  File "/Users/umutaraz/Desktop/Projeler/MediTrack/MediTrack/venv/lib/python3.13/site-packages/django/template/response.py", line 114, in render
    self.content = self.rendered_content
                   ^^^^^^^^^^^^^^^^^^^^^
  File "/Users/umutaraz/Desktop/Projeler/MediTrack/MediTrack/venv/lib/python3.13/site-packages/django/template/response.py", line 92, in rendered_content
    return template.render(context, self._request)
           ~~~~~~~~~~~~~~~^^^^^^^^^^^^^^^^^^^^^^^^
  File "/Users/umutaraz/Desktop/Projeler/MediTrack/MediTrack/venv/lib/python3.13/site-packages/django/template/backends/django.py", line 107, in render
    return self.template.render(context)
           ~~~~~~~~~~~~~~~~~~~~^^^^^^^^^
  File "/Users/umutaraz/Desktop/Projeler/MediTrack/MediTrack/venv/lib/python3.13/site-packages/django/template/base.py", line 171, in render
    return self._render(context)
           ~~~~~~~~~~~~^^^^^^^^^
  File "/Users/umutaraz/Desktop/Projeler/MediTrack/MediTrack/venv/lib/python3.13/site-packages/django/template/base.py", line 163, in _render
    return self.nodelist.render(context)
           ~~~~~~~~~~~~~~~~~~~~^^^^^^^^^
  File "/Users/umutaraz/Desktop/Projeler/MediTrack/MediTrack/venv/lib/python3.13/site-packages/django/template/base.py", line 1016, in render
    return SafeString("".join([node.render_annotated(context) for node in self]))
                               ~~~~~~~~~~~~~~~~~~~~~^^^^^^^^^
  File "/Users/umutaraz/Desktop/Projeler/MediTrack/MediTrack/venv/lib/python3.13/site-packages/django/template/base.py", line 977, in render_annotated
    return self.render(context)
           ~~~~~~~~~~~^^^^^^^^^
  File "/Users/umutaraz/Desktop/Projeler/MediTrack/MediTrack/venv/lib/python3.13/site-packages/django/template/loader_tags.py", line 159, in render
    return compiled_parent._render(context)
           ~~~~~~~~~~~~~~~~~~~~~~~^^^^^^^^^
  File "/Users/umutaraz/Desktop/Projeler/MediTrack/MediTrack/venv/lib/python3.13/site-packages/django/template/base.py", line 163, in _render
    return self.nodelist.render(context)
           ~~~~~~~~~~~~~~~~~~~~^^^^^^^^^
  File "/Users/umutaraz/Desktop/Projeler/MediTrack/MediTrack/venv/lib/python3.13/site-packages/django/template/base.py", line 1016, in render
    return SafeString("".join([node.render_annotated(context) for node in self]))
                               ~~~~~~~~~~~~~~~~~~~~~^^^^^^^^^
  File "/Users/umutaraz/Desktop/Projeler/MediTrack/MediTrack/venv/lib/python3.13/site-packages/django/template/base.py", line 977, in render_annotated
    return self.render(context)
           ~~~~~~~~~~~^^^^^^^^^
  File "/Users/umutaraz/Desktop/Projeler/MediTrack/MediTrack/venv/lib/python3.13/site-packages/django/template/loader_tags.py", line 65, in render
    result = block.nodelist.render(context)
  File "/Users/umutaraz/Desktop/Projeler/MediTrack/MediTrack/venv/lib/python3.13/site-packages/django/template/base.py", line 1016, in render
    return SafeString("".join([node.render_annotated(context) for node in self]))
                               ~~~~~~~~~~~~~~~~~~~~~^^^^^^^^^
  File "/Users/umutaraz/Desktop/Projeler/MediTrack/MediTrack/venv/lib/python3.13/site-packages/django/template/base.py", line 977, in render_annotated
    return self.render(context)
           ~~~~~~~~~~~^^^^^^^^^
  File "/Users/umutaraz/Desktop/Projeler/MediTrack/MediTrack/venv/lib/python3.13/site-packages/django/template/defaulttags.py", line 327, in render
    return nodelist.render(context)
           ~~~~~~~~~~~~~~~^^^^^^^^^
  File "/Users/umutaraz/Desktop/Projeler/MediTrack/MediTrack/venv/lib/python3.13/site-packages/django/template/base.py", line 1016, in render
    return SafeString("".join([node.render_annotated(context) for node in self]))
                               ~~~~~~~~~~~~~~~~~~~~~^^^^^^^^^
  File "/Users/umutaraz/Desktop/Projeler/MediTrack/MediTrack/venv/lib/python3.13/site-packages/django/template/base.py", line 977, in render_annotated
    return self.render(context)
           ~~~~~~~~~~~^^^^^^^^^
  File "/Users/umutaraz/Desktop/Projeler/MediTrack/MediTrack/venv/lib/python3.13/site-packages/django/template/defaulttags.py", line 480, in render
    url = reverse(view_name, args=args, kwargs=kwargs, current_app=current_app)
  File "/Users/umutaraz/Desktop/Projeler/MediTrack/MediTrack/venv/lib/python3.13/site-packages/django/urls/base.py", line 98, in reverse
    resolved_url = resolver._reverse_with_prefix(view, prefix, *args, **kwargs)
  File "/Users/umutaraz/Desktop/Projeler/MediTrack/MediTrack/venv/lib/python3.13/site-packages/django/urls/resolvers.py", line 831, in _reverse_with_prefix
    raise NoReverseMatch(msg)
django.urls.exceptions.NoReverseMatch: Reverse for 'doctor-create' not found. 'doctor-create' is not a valid view function or pattern name.
"GET /core/doctors/ HTTP/1.1" 500 175857
Not Found: /favicon.ico
"GET /favicon.ico HTTP/1.1" 404 4185
"GET /dashboard/ HTTP/1.1" 200 24209
"GET /theme/preference/ HTTP/1.1" 200 20
"POST /theme/toggle/ HTTP/1.1" 200 36
"GET /core/appointments/ HTTP/1.1" 200 22503
"GET /theme/preference/ HTTP/1.1" 200 19
"GET /appointments/calendar/ HTTP/1.1" 200 25490
"GET /theme/preference/ HTTP/1.1" 200 19
"GET /dashboard/ HTTP/1.1" 200 24209
"GET /theme/preference/ HTTP/1.1" 200 19
"POST /theme/toggle/ HTTP/1.1" 200 37
/Users/umutaraz/Desktop/Projeler/MediTrack/MediTrack/treatments/forms.py changed, reloading.
Watching for file changes with StatReloader
/Users/umutaraz/Desktop/Projeler/MediTrack/MediTrack/treatments/forms.py changed, reloading.
Watching for file changes with StatReloader
/Users/umutaraz/Desktop/Projeler/MediTrack/MediTrack/treatments/forms.py changed, reloading.
Watching for file changes with StatReloader
Watching for file changes with StatReloader
Watching for file changes with StatReloader
"GET / HTTP/1.1" 200 29121
"GET /static/assets/css/theme.css HTTP/1.1" 200 2989
"GET /static/assets/js/theme.js HTTP/1.1" 200 3846
"GET /static/assets/js/scripts.bundle.js HTTP/1.1" 200 238050
"GET /static/assets/plugins/global/plugins.bundle.css HTTP/1.1" 200 879267
"GET /static/assets/css/style.bundle.css HTTP/1.1" 200 1538590
"GET /static/assets/plugins/global/fonts/@fortawesome/fa-solid-900.woff2 HTTP/1.1" 200 157192
"GET /static/assets/plugins/global/fonts/keenicons/keenicons-outline.ttf?fzo4bm HTTP/1.1" 200 246764
"GET /static/assets/plugins/global/plugins.bundle.js HTTP/1.1" 200 3558077
"GET /theme/preference/ HTTP/1.1" 200 20
"GET /static/assets/media/logos/favicon.png HTTP/1.1" 200 65582
Internal Server Error: /core/doctors/
Traceback (most recent call last):
  File "/Users/umutaraz/Desktop/Projeler/MediTrack/MediTrack/venv/lib/python3.13/site-packages/django/core/handlers/exception.py", line 55, in inner
    response = get_response(request)
  File "/Users/umutaraz/Desktop/Projeler/MediTrack/MediTrack/venv/lib/python3.13/site-packages/django/core/handlers/base.py", line 220, in _get_response
    response = response.render()
  File "/Users/umutaraz/Desktop/Projeler/MediTrack/MediTrack/venv/lib/python3.13/site-packages/django/template/response.py", line 114, in render
    self.content = self.rendered_content
                   ^^^^^^^^^^^^^^^^^^^^^
  File "/Users/umutaraz/Desktop/Projeler/MediTrack/MediTrack/venv/lib/python3.13/site-packages/django/template/response.py", line 92, in rendered_content
    return template.render(context, self._request)
           ~~~~~~~~~~~~~~~^^^^^^^^^^^^^^^^^^^^^^^^
  File "/Users/umutaraz/Desktop/Projeler/MediTrack/MediTrack/venv/lib/python3.13/site-packages/django/template/backends/django.py", line 107, in render
    return self.template.render(context)
           ~~~~~~~~~~~~~~~~~~~~^^^^^^^^^
  File "/Users/umutaraz/Desktop/Projeler/MediTrack/MediTrack/venv/lib/python3.13/site-packages/django/template/base.py", line 171, in render
    return self._render(context)
           ~~~~~~~~~~~~^^^^^^^^^
  File "/Users/umutaraz/Desktop/Projeler/MediTrack/MediTrack/venv/lib/python3.13/site-packages/django/template/base.py", line 163, in _render
    return self.nodelist.render(context)
           ~~~~~~~~~~~~~~~~~~~~^^^^^^^^^
  File "/Users/umutaraz/Desktop/Projeler/MediTrack/MediTrack/venv/lib/python3.13/site-packages/django/template/base.py", line 1016, in render
    return SafeString("".join([node.render_annotated(context) for node in self]))
                               ~~~~~~~~~~~~~~~~~~~~~^^^^^^^^^
  File "/Users/umutaraz/Desktop/Projeler/MediTrack/MediTrack/venv/lib/python3.13/site-packages/django/template/base.py", line 977, in render_annotated
    return self.render(context)
           ~~~~~~~~~~~^^^^^^^^^
  File "/Users/umutaraz/Desktop/Projeler/MediTrack/MediTrack/venv/lib/python3.13/site-packages/django/template/loader_tags.py", line 159, in render
    return compiled_parent._render(context)
           ~~~~~~~~~~~~~~~~~~~~~~~^^^^^^^^^
  File "/Users/umutaraz/Desktop/Projeler/MediTrack/MediTrack/venv/lib/python3.13/site-packages/django/template/base.py", line 163, in _render
    return self.nodelist.render(context)
           ~~~~~~~~~~~~~~~~~~~~^^^^^^^^^
  File "/Users/umutaraz/Desktop/Projeler/MediTrack/MediTrack/venv/lib/python3.13/site-packages/django/template/base.py", line 1016, in render
    return SafeString("".join([node.render_annotated(context) for node in self]))
                               ~~~~~~~~~~~~~~~~~~~~~^^^^^^^^^
  File "/Users/umutaraz/Desktop/Projeler/MediTrack/MediTrack/venv/lib/python3.13/site-packages/django/template/base.py", line 977, in render_annotated
    return self.render(context)
           ~~~~~~~~~~~^^^^^^^^^
  File "/Users/umutaraz/Desktop/Projeler/MediTrack/MediTrack/venv/lib/python3.13/site-packages/django/template/loader_tags.py", line 65, in render
    result = block.nodelist.render(context)
  File "/Users/umutaraz/Desktop/Projeler/MediTrack/MediTrack/venv/lib/python3.13/site-packages/django/template/base.py", line 1016, in render
    return SafeString("".join([node.render_annotated(context) for node in self]))
                               ~~~~~~~~~~~~~~~~~~~~~^^^^^^^^^
  File "/Users/umutaraz/Desktop/Projeler/MediTrack/MediTrack/venv/lib/python3.13/site-packages/django/template/base.py", line 977, in render_annotated
    return self.render(context)
           ~~~~~~~~~~~^^^^^^^^^
  File "/Users/umutaraz/Desktop/Projeler/MediTrack/MediTrack/venv/lib/python3.13/site-packages/django/template/defaulttags.py", line 327, in render
    return nodelist.render(context)
           ~~~~~~~~~~~~~~~^^^^^^^^^
  File "/Users/umutaraz/Desktop/Projeler/MediTrack/MediTrack/venv/lib/python3.13/site-packages/django/template/base.py", line 1016, in render
    return SafeString("".join([node.render_annotated(context) for node in self]))
                               ~~~~~~~~~~~~~~~~~~~~~^^^^^^^^^
  File "/Users/umutaraz/Desktop/Projeler/MediTrack/MediTrack/venv/lib/python3.13/site-packages/django/template/base.py", line 977, in render_annotated
    return self.render(context)
           ~~~~~~~~~~~^^^^^^^^^
  File "/Users/umutaraz/Desktop/Projeler/MediTrack/MediTrack/venv/lib/python3.13/site-packages/django/template/defaulttags.py", line 480, in render
    url = reverse(view_name, args=args, kwargs=kwargs, current_app=current_app)
  File "/Users/umutaraz/Desktop/Projeler/MediTrack/MediTrack/venv/lib/python3.13/site-packages/django/urls/base.py", line 98, in reverse
    resolved_url = resolver._reverse_with_prefix(view, prefix, *args, **kwargs)
  File "/Users/umutaraz/Desktop/Projeler/MediTrack/MediTrack/venv/lib/python3.13/site-packages/django/urls/resolvers.py", line 831, in _reverse_with_prefix
    raise NoReverseMatch(msg)
django.urls.exceptions.NoReverseMatch: Reverse for 'doctor-create' not found. 'doctor-create' is not a valid view function or pattern name.
"GET /core/doctors/ HTTP/1.1" 500 176773
Not Found: /favicon.ico
"GET /favicon.ico HTTP/1.1" 404 4185
"GET /appointments/calendar/ HTTP/1.1" 200 25534
"GET /theme/preference/ HTTP/1.1" 200 20
"POST /theme/toggle/ HTTP/1.1" 200 36
"GET /dashboard/ HTTP/1.1" 200 24252
"GET /theme/preference/ HTTP/1.1" 200 19
"GET /treatments/medications/ HTTP/1.1" 200 22457
"GET /theme/preference/ HTTP/1.1" 200 19
"POST /theme/toggle/ HTTP/1.1" 200 37
"GET / HTTP/1.1" 200 29121
"GET /theme/preference/ HTTP/1.1" 200 20
"GET /core/notifications/ HTTP/1.1" 200 25523
"GET /theme/preference/ HTTP/1.1" 200 20
"GET /dashboard/ HTTP/1.1" 200 24253
"GET /theme/preference/ HTTP/1.1" 200 20
Internal Server Error: /core/doctors/
Traceback (most recent call last):
  File "/Users/umutaraz/Desktop/Projeler/MediTrack/MediTrack/venv/lib/python3.13/site-packages/django/core/handlers/exception.py", line 55, in inner
    response = get_response(request)
  File "/Users/umutaraz/Desktop/Projeler/MediTrack/MediTrack/venv/lib/python3.13/site-packages/django/core/handlers/base.py", line 220, in _get_response
    response = response.render()
  File "/Users/umutaraz/Desktop/Projeler/MediTrack/MediTrack/venv/lib/python3.13/site-packages/django/template/response.py", line 114, in render
    self.content = self.rendered_content
                   ^^^^^^^^^^^^^^^^^^^^^
  File "/Users/umutaraz/Desktop/Projeler/MediTrack/MediTrack/venv/lib/python3.13/site-packages/django/template/response.py", line 92, in rendered_content
    return template.render(context, self._request)
           ~~~~~~~~~~~~~~~^^^^^^^^^^^^^^^^^^^^^^^^
  File "/Users/umutaraz/Desktop/Projeler/MediTrack/MediTrack/venv/lib/python3.13/site-packages/django/template/backends/django.py", line 107, in render
    return self.template.render(context)
           ~~~~~~~~~~~~~~~~~~~~^^^^^^^^^
  File "/Users/umutaraz/Desktop/Projeler/MediTrack/MediTrack/venv/lib/python3.13/site-packages/django/template/base.py", line 171, in render
    return self._render(context)
           ~~~~~~~~~~~~^^^^^^^^^
  File "/Users/umutaraz/Desktop/Projeler/MediTrack/MediTrack/venv/lib/python3.13/site-packages/django/template/base.py", line 163, in _render
    return self.nodelist.render(context)
           ~~~~~~~~~~~~~~~~~~~~^^^^^^^^^
  File "/Users/umutaraz/Desktop/Projeler/MediTrack/MediTrack/venv/lib/python3.13/site-packages/django/template/base.py", line 1016, in render
    return SafeString("".join([node.render_annotated(context) for node in self]))
                               ~~~~~~~~~~~~~~~~~~~~~^^^^^^^^^
  File "/Users/umutaraz/Desktop/Projeler/MediTrack/MediTrack/venv/lib/python3.13/site-packages/django/template/base.py", line 977, in render_annotated
    return self.render(context)
           ~~~~~~~~~~~^^^^^^^^^
  File "/Users/umutaraz/Desktop/Projeler/MediTrack/MediTrack/venv/lib/python3.13/site-packages/django/template/loader_tags.py", line 159, in render
    return compiled_parent._render(context)
           ~~~~~~~~~~~~~~~~~~~~~~~^^^^^^^^^
  File "/Users/umutaraz/Desktop/Projeler/MediTrack/MediTrack/venv/lib/python3.13/site-packages/django/template/base.py", line 163, in _render
    return self.nodelist.render(context)
           ~~~~~~~~~~~~~~~~~~~~^^^^^^^^^
  File "/Users/umutaraz/Desktop/Projeler/MediTrack/MediTrack/venv/lib/python3.13/site-packages/django/template/base.py", line 1016, in render
    return SafeString("".join([node.render_annotated(context) for node in self]))
                               ~~~~~~~~~~~~~~~~~~~~~^^^^^^^^^
  File "/Users/umutaraz/Desktop/Projeler/MediTrack/MediTrack/venv/lib/python3.13/site-packages/django/template/base.py", line 977, in render_annotated
    return self.render(context)
           ~~~~~~~~~~~^^^^^^^^^
  File "/Users/umutaraz/Desktop/Projeler/MediTrack/MediTrack/venv/lib/python3.13/site-packages/django/template/loader_tags.py", line 65, in render
    result = block.nodelist.render(context)
  File "/Users/umutaraz/Desktop/Projeler/MediTrack/MediTrack/venv/lib/python3.13/site-packages/django/template/base.py", line 1016, in render
    return SafeString("".join([node.render_annotated(context) for node in self]))
                               ~~~~~~~~~~~~~~~~~~~~~^^^^^^^^^
  File "/Users/umutaraz/Desktop/Projeler/MediTrack/MediTrack/venv/lib/python3.13/site-packages/django/template/base.py", line 977, in render_annotated
    return self.render(context)
           ~~~~~~~~~~~^^^^^^^^^
  File "/Users/umutaraz/Desktop/Projeler/MediTrack/MediTrack/venv/lib/python3.13/site-packages/django/template/defaulttags.py", line 327, in render
    return nodelist.render(context)
           ~~~~~~~~~~~~~~~^^^^^^^^^
  File "/Users/umutaraz/Desktop/Projeler/MediTrack/MediTrack/venv/lib/python3.13/site-packages/django/template/base.py", line 1016, in render
    return SafeString("".join([node.render_annotated(context) for node in self]))
                               ~~~~~~~~~~~~~~~~~~~~~^^^^^^^^^
  File "/Users/umutaraz/Desktop/Projeler/MediTrack/MediTrack/venv/lib/python3.13/site-packages/django/template/base.py", line 977, in render_annotated
    return self.render(context)
           ~~~~~~~~~~~^^^^^^^^^
  File "/Users/umutaraz/Desktop/Projeler/MediTrack/MediTrack/venv/lib/python3.13/site-packages/django/template/defaulttags.py", line 480, in render
    url = reverse(view_name, args=args, kwargs=kwargs, current_app=current_app)
  File "/Users/umutaraz/Desktop/Projeler/MediTrack/MediTrack/venv/lib/python3.13/site-packages/django/urls/base.py", line 98, in reverse
    resolved_url = resolver._reverse_with_prefix(view, prefix, *args, **kwargs)
  File "/Users/umutaraz/Desktop/Projeler/MediTrack/MediTrack/venv/lib/python3.13/site-packages/django/urls/resolvers.py", line 831, in _reverse_with_prefix
    raise NoReverseMatch(msg)
django.urls.exceptions.NoReverseMatch: Reverse for 'doctor-create' not found. 'doctor-create' is not a valid view function or pattern name.
"GET /core/doctors/ HTTP/1.1" 500 176783
Internal Server Error: /core/patients/32/
Traceback (most recent call last):
  File "/Users/umutaraz/Desktop/Projeler/MediTrack/MediTrack/venv/lib/python3.13/site-packages/django/core/handlers/exception.py", line 55, in inner
    response = get_response(request)
  File "/Users/umutaraz/Desktop/Projeler/MediTrack/MediTrack/venv/lib/python3.13/site-packages/django/core/handlers/base.py", line 220, in _get_response
    response = response.render()
  File "/Users/umutaraz/Desktop/Projeler/MediTrack/MediTrack/venv/lib/python3.13/site-packages/django/template/response.py", line 114, in render
    self.content = self.rendered_content
                   ^^^^^^^^^^^^^^^^^^^^^
  File "/Users/umutaraz/Desktop/Projeler/MediTrack/MediTrack/venv/lib/python3.13/site-packages/django/template/response.py", line 92, in rendered_content
    return template.render(context, self._request)
           ~~~~~~~~~~~~~~~^^^^^^^^^^^^^^^^^^^^^^^^
  File "/Users/umutaraz/Desktop/Projeler/MediTrack/MediTrack/venv/lib/python3.13/site-packages/django/template/backends/django.py", line 107, in render
    return self.template.render(context)
           ~~~~~~~~~~~~~~~~~~~~^^^^^^^^^
  File "/Users/umutaraz/Desktop/Projeler/MediTrack/MediTrack/venv/lib/python3.13/site-packages/django/template/base.py", line 171, in render
    return self._render(context)
           ~~~~~~~~~~~~^^^^^^^^^
  File "/Users/umutaraz/Desktop/Projeler/MediTrack/MediTrack/venv/lib/python3.13/site-packages/django/template/base.py", line 163, in _render
    return self.nodelist.render(context)
           ~~~~~~~~~~~~~~~~~~~~^^^^^^^^^
  File "/Users/umutaraz/Desktop/Projeler/MediTrack/MediTrack/venv/lib/python3.13/site-packages/django/template/base.py", line 1016, in render
    return SafeString("".join([node.render_annotated(context) for node in self]))
                               ~~~~~~~~~~~~~~~~~~~~~^^^^^^^^^
  File "/Users/umutaraz/Desktop/Projeler/MediTrack/MediTrack/venv/lib/python3.13/site-packages/django/template/base.py", line 977, in render_annotated
    return self.render(context)
           ~~~~~~~~~~~^^^^^^^^^
  File "/Users/umutaraz/Desktop/Projeler/MediTrack/MediTrack/venv/lib/python3.13/site-packages/django/template/loader_tags.py", line 159, in render
    return compiled_parent._render(context)
           ~~~~~~~~~~~~~~~~~~~~~~~^^^^^^^^^
  File "/Users/umutaraz/Desktop/Projeler/MediTrack/MediTrack/venv/lib/python3.13/site-packages/django/template/base.py", line 163, in _render
    return self.nodelist.render(context)
           ~~~~~~~~~~~~~~~~~~~~^^^^^^^^^
  File "/Users/umutaraz/Desktop/Projeler/MediTrack/MediTrack/venv/lib/python3.13/site-packages/django/template/base.py", line 1016, in render
    return SafeString("".join([node.render_annotated(context) for node in self]))
                               ~~~~~~~~~~~~~~~~~~~~~^^^^^^^^^
  File "/Users/umutaraz/Desktop/Projeler/MediTrack/MediTrack/venv/lib/python3.13/site-packages/django/template/base.py", line 977, in render_annotated
    return self.render(context)
           ~~~~~~~~~~~^^^^^^^^^
  File "/Users/umutaraz/Desktop/Projeler/MediTrack/MediTrack/venv/lib/python3.13/site-packages/django/template/loader_tags.py", line 65, in render
    result = block.nodelist.render(context)
  File "/Users/umutaraz/Desktop/Projeler/MediTrack/MediTrack/venv/lib/python3.13/site-packages/django/template/base.py", line 1016, in render
    return SafeString("".join([node.render_annotated(context) for node in self]))
                               ~~~~~~~~~~~~~~~~~~~~~^^^^^^^^^
  File "/Users/umutaraz/Desktop/Projeler/MediTrack/MediTrack/venv/lib/python3.13/site-packages/django/template/base.py", line 977, in render_annotated
    return self.render(context)
           ~~~~~~~~~~~^^^^^^^^^
  File "/Users/umutaraz/Desktop/Projeler/MediTrack/MediTrack/venv/lib/python3.13/site-packages/django/template/defaulttags.py", line 480, in render
    url = reverse(view_name, args=args, kwargs=kwargs, current_app=current_app)
  File "/Users/umutaraz/Desktop/Projeler/MediTrack/MediTrack/venv/lib/python3.13/site-packages/django/urls/base.py", line 98, in reverse
    resolved_url = resolver._reverse_with_prefix(view, prefix, *args, **kwargs)
  File "/Users/umutaraz/Desktop/Projeler/MediTrack/MediTrack/venv/lib/python3.13/site-packages/django/urls/resolvers.py", line 831, in _reverse_with_prefix
    raise NoReverseMatch(msg)
django.urls.exceptions.NoReverseMatch: Reverse for 'medical-history-list' not found. 'medical-history-list' is not a valid view function or pattern name.
"GET /core/patients/32/ HTTP/1.1" 500 154156
"GET /treatments/medical-images/ HTTP/1.1" 200 23197
"GET /theme/preference/ HTTP/1.1" 200 20
Forbidden (Permission denied): /core/patients/
Traceback (most recent call last):
  File "/Users/umutaraz/Desktop/Projeler/MediTrack/MediTrack/venv/lib/python3.13/site-packages/django/core/handlers/exception.py", line 55, in inner
    response = get_response(request)
  File "/Users/umutaraz/Desktop/Projeler/MediTrack/MediTrack/venv/lib/python3.13/site-packages/django/core/handlers/base.py", line 197, in _get_response
    response = wrapped_callback(request, *callback_args, **callback_kwargs)
  File "/Users/umutaraz/Desktop/Projeler/MediTrack/MediTrack/venv/lib/python3.13/site-packages/django/views/generic/base.py", line 104, in view
    return self.dispatch(request, *args, **kwargs)
           ~~~~~~~~~~~~~^^^^^^^^^^^^^^^^^^^^^^^^^^
  File "/Users/umutaraz/Desktop/Projeler/MediTrack/MediTrack/venv/lib/python3.13/site-packages/django/contrib/auth/mixins.py", line 73, in dispatch
    return super().dispatch(request, *args, **kwargs)
           ~~~~~~~~~~~~~~~~^^^^^^^^^^^^^^^^^^^^^^^^^^
  File "/Users/umutaraz/Desktop/Projeler/MediTrack/MediTrack/venv/lib/python3.13/site-packages/django/contrib/auth/mixins.py", line 134, in dispatch
    return self.handle_no_permission()
           ~~~~~~~~~~~~~~~~~~~~~~~~~^^
  File "/Users/umutaraz/Desktop/Projeler/MediTrack/MediTrack/venv/lib/python3.13/site-packages/django/contrib/auth/mixins.py", line 48, in handle_no_permission
    raise PermissionDenied(self.get_permission_denied_message())
django.core.exceptions.PermissionDenied
"GET /core/patients/ HTTP/1.1" 403 135
"GET /logout/ HTTP/1.1" 302 0
"GET /login/ HTTP/1.1" 200 9158
"POST /login/ HTTP/1.1" 302 0
"GET /dashboard/ HTTP/1.1" 200 24253
"GET /theme/preference/ HTTP/1.1" 200 20
Internal Server Error: /core/doctors/
Traceback (most recent call last):
  File "/Users/umutaraz/Desktop/Projeler/MediTrack/MediTrack/venv/lib/python3.13/site-packages/django/core/handlers/exception.py", line 55, in inner
    response = get_response(request)
  File "/Users/umutaraz/Desktop/Projeler/MediTrack/MediTrack/venv/lib/python3.13/site-packages/django/core/handlers/base.py", line 220, in _get_response
    response = response.render()
  File "/Users/umutaraz/Desktop/Projeler/MediTrack/MediTrack/venv/lib/python3.13/site-packages/django/template/response.py", line 114, in render
    self.content = self.rendered_content
                   ^^^^^^^^^^^^^^^^^^^^^
  File "/Users/umutaraz/Desktop/Projeler/MediTrack/MediTrack/venv/lib/python3.13/site-packages/django/template/response.py", line 92, in rendered_content
    return template.render(context, self._request)
           ~~~~~~~~~~~~~~~^^^^^^^^^^^^^^^^^^^^^^^^
  File "/Users/umutaraz/Desktop/Projeler/MediTrack/MediTrack/venv/lib/python3.13/site-packages/django/template/backends/django.py", line 107, in render
    return self.template.render(context)
           ~~~~~~~~~~~~~~~~~~~~^^^^^^^^^
  File "/Users/umutaraz/Desktop/Projeler/MediTrack/MediTrack/venv/lib/python3.13/site-packages/django/template/base.py", line 171, in render
    return self._render(context)
           ~~~~~~~~~~~~^^^^^^^^^
  File "/Users/umutaraz/Desktop/Projeler/MediTrack/MediTrack/venv/lib/python3.13/site-packages/django/template/base.py", line 163, in _render
    return self.nodelist.render(context)
           ~~~~~~~~~~~~~~~~~~~~^^^^^^^^^
  File "/Users/umutaraz/Desktop/Projeler/MediTrack/MediTrack/venv/lib/python3.13/site-packages/django/template/base.py", line 1016, in render
    return SafeString("".join([node.render_annotated(context) for node in self]))
                               ~~~~~~~~~~~~~~~~~~~~~^^^^^^^^^
  File "/Users/umutaraz/Desktop/Projeler/MediTrack/MediTrack/venv/lib/python3.13/site-packages/django/template/base.py", line 977, in render_annotated
    return self.render(context)
           ~~~~~~~~~~~^^^^^^^^^
  File "/Users/umutaraz/Desktop/Projeler/MediTrack/MediTrack/venv/lib/python3.13/site-packages/django/template/loader_tags.py", line 159, in render
    return compiled_parent._render(context)
           ~~~~~~~~~~~~~~~~~~~~~~~^^^^^^^^^
  File "/Users/umutaraz/Desktop/Projeler/MediTrack/MediTrack/venv/lib/python3.13/site-packages/django/template/base.py", line 163, in _render
    return self.nodelist.render(context)
           ~~~~~~~~~~~~~~~~~~~~^^^^^^^^^
  File "/Users/umutaraz/Desktop/Projeler/MediTrack/MediTrack/venv/lib/python3.13/site-packages/django/template/base.py", line 1016, in render
    return SafeString("".join([node.render_annotated(context) for node in self]))
                               ~~~~~~~~~~~~~~~~~~~~~^^^^^^^^^
  File "/Users/umutaraz/Desktop/Projeler/MediTrack/MediTrack/venv/lib/python3.13/site-packages/django/template/base.py", line 977, in render_annotated
    return self.render(context)
           ~~~~~~~~~~~^^^^^^^^^
  File "/Users/umutaraz/Desktop/Projeler/MediTrack/MediTrack/venv/lib/python3.13/site-packages/django/template/loader_tags.py", line 65, in render
    result = block.nodelist.render(context)
  File "/Users/umutaraz/Desktop/Projeler/MediTrack/MediTrack/venv/lib/python3.13/site-packages/django/template/base.py", line 1016, in render
    return SafeString("".join([node.render_annotated(context) for node in self]))
                               ~~~~~~~~~~~~~~~~~~~~~^^^^^^^^^
  File "/Users/umutaraz/Desktop/Projeler/MediTrack/MediTrack/venv/lib/python3.13/site-packages/django/template/base.py", line 977, in render_annotated
    return self.render(context)
           ~~~~~~~~~~~^^^^^^^^^
  File "/Users/umutaraz/Desktop/Projeler/MediTrack/MediTrack/venv/lib/python3.13/site-packages/django/template/defaulttags.py", line 327, in render
    return nodelist.render(context)
           ~~~~~~~~~~~~~~~^^^^^^^^^
  File "/Users/umutaraz/Desktop/Projeler/MediTrack/MediTrack/venv/lib/python3.13/site-packages/django/template/base.py", line 1016, in render
    return SafeString("".join([node.render_annotated(context) for node in self]))
                               ~~~~~~~~~~~~~~~~~~~~~^^^^^^^^^
  File "/Users/umutaraz/Desktop/Projeler/MediTrack/MediTrack/venv/lib/python3.13/site-packages/django/template/base.py", line 977, in render_annotated
    return self.render(context)
           ~~~~~~~~~~~^^^^^^^^^
  File "/Users/umutaraz/Desktop/Projeler/MediTrack/MediTrack/venv/lib/python3.13/site-packages/django/template/defaulttags.py", line 480, in render
    url = reverse(view_name, args=args, kwargs=kwargs, current_app=current_app)
  File "/Users/umutaraz/Desktop/Projeler/MediTrack/MediTrack/venv/lib/python3.13/site-packages/django/urls/base.py", line 98, in reverse
    resolved_url = resolver._reverse_with_prefix(view, prefix, *args, **kwargs)
  File "/Users/umutaraz/Desktop/Projeler/MediTrack/MediTrack/venv/lib/python3.13/site-packages/django/urls/resolvers.py", line 831, in _reverse_with_prefix
    raise NoReverseMatch(msg)
django.urls.exceptions.NoReverseMatch: Reverse for 'doctor-create' not found. 'doctor-create' is not a valid view function or pattern name.
"GET /core/doctors/ HTTP/1.1" 500 176783
/Users/umutaraz/Desktop/Projeler/MediTrack/MediTrack/treatments/models_medical_history.py changed, reloading.
Watching for file changes with StatReloader
Watching for file changes with StatReloader
"GET / HTTP/1.1" 200 29121
"GET /static/assets/css/style.bundle.css HTTP/1.1" 304 0
"GET /static/assets/plugins/global/plugins.bundle.css HTTP/1.1" 304 0
"GET /static/assets/css/theme.css HTTP/1.1" 200 2989
"GET /static/assets/js/scripts.bundle.js HTTP/1.1" 304 0
"GET /static/assets/js/theme.js HTTP/1.1" 200 3846
"GET /static/assets/plugins/global/fonts/keenicons/keenicons-outline.ttf?fzo4bm HTTP/1.1" 304 0
"GET /static/assets/plugins/global/fonts/@fortawesome/fa-solid-900.woff2 HTTP/1.1" 304 0
"GET /static/assets/plugins/global/plugins.bundle.js HTTP/1.1" 200 3558077
"GET /theme/preference/ HTTP/1.1" 200 20
/Users/umutaraz/Desktop/Projeler/MediTrack/MediTrack/treatments/models.py changed, reloading.
Watching for file changes with StatReloader
"POST /theme/toggle/ HTTP/1.1" 200 36
"POST /theme/toggle/ HTTP/1.1" 200 37
"GET / HTTP/1.1" 200 29121
"GET /static/assets/media/logos/favicon.png HTTP/1.1" 304 0
"GET /theme/preference/ HTTP/1.1" 200 20
"POST /theme/toggle/ HTTP/1.1" 200 36
"GET / HTTP/1.1" 200 29120
"GET /theme/preference/ HTTP/1.1" 200 19
Internal Server Error: /core/doctors/
Traceback (most recent call last):
  File "/Users/umutaraz/Desktop/Projeler/MediTrack/MediTrack/venv/lib/python3.13/site-packages/django/core/handlers/exception.py", line 55, in inner
    response = get_response(request)
  File "/Users/umutaraz/Desktop/Projeler/MediTrack/MediTrack/venv/lib/python3.13/site-packages/django/core/handlers/base.py", line 220, in _get_response
    response = response.render()
  File "/Users/umutaraz/Desktop/Projeler/MediTrack/MediTrack/venv/lib/python3.13/site-packages/django/template/response.py", line 114, in render
    self.content = self.rendered_content
                   ^^^^^^^^^^^^^^^^^^^^^
  File "/Users/umutaraz/Desktop/Projeler/MediTrack/MediTrack/venv/lib/python3.13/site-packages/django/template/response.py", line 92, in rendered_content
    return template.render(context, self._request)
           ~~~~~~~~~~~~~~~^^^^^^^^^^^^^^^^^^^^^^^^
  File "/Users/umutaraz/Desktop/Projeler/MediTrack/MediTrack/venv/lib/python3.13/site-packages/django/template/backends/django.py", line 107, in render
    return self.template.render(context)
           ~~~~~~~~~~~~~~~~~~~~^^^^^^^^^
  File "/Users/umutaraz/Desktop/Projeler/MediTrack/MediTrack/venv/lib/python3.13/site-packages/django/template/base.py", line 171, in render
    return self._render(context)
           ~~~~~~~~~~~~^^^^^^^^^
  File "/Users/umutaraz/Desktop/Projeler/MediTrack/MediTrack/venv/lib/python3.13/site-packages/django/template/base.py", line 163, in _render
    return self.nodelist.render(context)
           ~~~~~~~~~~~~~~~~~~~~^^^^^^^^^
  File "/Users/umutaraz/Desktop/Projeler/MediTrack/MediTrack/venv/lib/python3.13/site-packages/django/template/base.py", line 1016, in render
    return SafeString("".join([node.render_annotated(context) for node in self]))
                               ~~~~~~~~~~~~~~~~~~~~~^^^^^^^^^
  File "/Users/umutaraz/Desktop/Projeler/MediTrack/MediTrack/venv/lib/python3.13/site-packages/django/template/base.py", line 977, in render_annotated
    return self.render(context)
           ~~~~~~~~~~~^^^^^^^^^
  File "/Users/umutaraz/Desktop/Projeler/MediTrack/MediTrack/venv/lib/python3.13/site-packages/django/template/loader_tags.py", line 159, in render
    return compiled_parent._render(context)
           ~~~~~~~~~~~~~~~~~~~~~~~^^^^^^^^^
  File "/Users/umutaraz/Desktop/Projeler/MediTrack/MediTrack/venv/lib/python3.13/site-packages/django/template/base.py", line 163, in _render
    return self.nodelist.render(context)
           ~~~~~~~~~~~~~~~~~~~~^^^^^^^^^
  File "/Users/umutaraz/Desktop/Projeler/MediTrack/MediTrack/venv/lib/python3.13/site-packages/django/template/base.py", line 1016, in render
    return SafeString("".join([node.render_annotated(context) for node in self]))
                               ~~~~~~~~~~~~~~~~~~~~~^^^^^^^^^
  File "/Users/umutaraz/Desktop/Projeler/MediTrack/MediTrack/venv/lib/python3.13/site-packages/django/template/base.py", line 977, in render_annotated
    return self.render(context)
           ~~~~~~~~~~~^^^^^^^^^
  File "/Users/umutaraz/Desktop/Projeler/MediTrack/MediTrack/venv/lib/python3.13/site-packages/django/template/loader_tags.py", line 65, in render
    result = block.nodelist.render(context)
  File "/Users/umutaraz/Desktop/Projeler/MediTrack/MediTrack/venv/lib/python3.13/site-packages/django/template/base.py", line 1016, in render
    return SafeString("".join([node.render_annotated(context) for node in self]))
                               ~~~~~~~~~~~~~~~~~~~~~^^^^^^^^^
  File "/Users/umutaraz/Desktop/Projeler/MediTrack/MediTrack/venv/lib/python3.13/site-packages/django/template/base.py", line 977, in render_annotated
    return self.render(context)
           ~~~~~~~~~~~^^^^^^^^^
  File "/Users/umutaraz/Desktop/Projeler/MediTrack/MediTrack/venv/lib/python3.13/site-packages/django/template/defaulttags.py", line 327, in render
    return nodelist.render(context)
           ~~~~~~~~~~~~~~~^^^^^^^^^
  File "/Users/umutaraz/Desktop/Projeler/MediTrack/MediTrack/venv/lib/python3.13/site-packages/django/template/base.py", line 1016, in render
    return SafeString("".join([node.render_annotated(context) for node in self]))
                               ~~~~~~~~~~~~~~~~~~~~~^^^^^^^^^
  File "/Users/umutaraz/Desktop/Projeler/MediTrack/MediTrack/venv/lib/python3.13/site-packages/django/template/base.py", line 977, in render_annotated
    return self.render(context)
           ~~~~~~~~~~~^^^^^^^^^
  File "/Users/umutaraz/Desktop/Projeler/MediTrack/MediTrack/venv/lib/python3.13/site-packages/django/template/defaulttags.py", line 480, in render
    url = reverse(view_name, args=args, kwargs=kwargs, current_app=current_app)
  File "/Users/umutaraz/Desktop/Projeler/MediTrack/MediTrack/venv/lib/python3.13/site-packages/django/urls/base.py", line 98, in reverse
    resolved_url = resolver._reverse_with_prefix(view, prefix, *args, **kwargs)
  File "/Users/umutaraz/Desktop/Projeler/MediTrack/MediTrack/venv/lib/python3.13/site-packages/django/urls/resolvers.py", line 831, in _reverse_with_prefix
    raise NoReverseMatch(msg)
django.urls.exceptions.NoReverseMatch: Reverse for 'doctor-create' not found. 'doctor-create' is not a valid view function or pattern name.
"GET /core/doctors/ HTTP/1.1" 500 176739
Not Found: /favicon.ico
"GET /favicon.ico HTTP/1.1" 404 4185
Internal Server Error: /core/ai-assistant/
Traceback (most recent call last):
  File "/Users/umutaraz/Desktop/Projeler/MediTrack/MediTrack/venv/lib/python3.13/site-packages/django/core/handlers/exception.py", line 55, in inner
    response = get_response(request)
  File "/Users/umutaraz/Desktop/Projeler/MediTrack/MediTrack/venv/lib/python3.13/site-packages/django/core/handlers/base.py", line 197, in _get_response
    response = wrapped_callback(request, *callback_args, **callback_kwargs)
  File "/Users/umutaraz/Desktop/Projeler/MediTrack/MediTrack/venv/lib/python3.13/site-packages/django/contrib/auth/decorators.py", line 59, in _view_wrapper
    return view_func(request, *args, **kwargs)
  File "/Users/umutaraz/Desktop/Projeler/MediTrack/MediTrack/core/views.py", line 685, in ai_assistant
    return render(request, 'core/ai_assistant.html', context)
  File "/Users/umutaraz/Desktop/Projeler/MediTrack/MediTrack/venv/lib/python3.13/site-packages/django/shortcuts.py", line 25, in render
    content = loader.render_to_string(template_name, context, request, using=using)
  File "/Users/umutaraz/Desktop/Projeler/MediTrack/MediTrack/venv/lib/python3.13/site-packages/django/template/loader.py", line 62, in render_to_string
    return template.render(context, request)
           ~~~~~~~~~~~~~~~^^^^^^^^^^^^^^^^^^
  File "/Users/umutaraz/Desktop/Projeler/MediTrack/MediTrack/venv/lib/python3.13/site-packages/django/template/backends/django.py", line 107, in render
    return self.template.render(context)
           ~~~~~~~~~~~~~~~~~~~~^^^^^^^^^
  File "/Users/umutaraz/Desktop/Projeler/MediTrack/MediTrack/venv/lib/python3.13/site-packages/django/template/base.py", line 171, in render
    return self._render(context)
           ~~~~~~~~~~~~^^^^^^^^^
  File "/Users/umutaraz/Desktop/Projeler/MediTrack/MediTrack/venv/lib/python3.13/site-packages/django/template/base.py", line 163, in _render
    return self.nodelist.render(context)
           ~~~~~~~~~~~~~~~~~~~~^^^^^^^^^
  File "/Users/umutaraz/Desktop/Projeler/MediTrack/MediTrack/venv/lib/python3.13/site-packages/django/template/base.py", line 1016, in render
    return SafeString("".join([node.render_annotated(context) for node in self]))
                               ~~~~~~~~~~~~~~~~~~~~~^^^^^^^^^
  File "/Users/umutaraz/Desktop/Projeler/MediTrack/MediTrack/venv/lib/python3.13/site-packages/django/template/base.py", line 977, in render_annotated
    return self.render(context)
           ~~~~~~~~~~~^^^^^^^^^
  File "/Users/umutaraz/Desktop/Projeler/MediTrack/MediTrack/venv/lib/python3.13/site-packages/django/template/loader_tags.py", line 159, in render
    return compiled_parent._render(context)
           ~~~~~~~~~~~~~~~~~~~~~~~^^^^^^^^^
  File "/Users/umutaraz/Desktop/Projeler/MediTrack/MediTrack/venv/lib/python3.13/site-packages/django/template/base.py", line 163, in _render
    return self.nodelist.render(context)
           ~~~~~~~~~~~~~~~~~~~~^^^^^^^^^
  File "/Users/umutaraz/Desktop/Projeler/MediTrack/MediTrack/venv/lib/python3.13/site-packages/django/template/base.py", line 1016, in render
    return SafeString("".join([node.render_annotated(context) for node in self]))
                               ~~~~~~~~~~~~~~~~~~~~~^^^^^^^^^
  File "/Users/umutaraz/Desktop/Projeler/MediTrack/MediTrack/venv/lib/python3.13/site-packages/django/template/base.py", line 977, in render_annotated
    return self.render(context)
           ~~~~~~~~~~~^^^^^^^^^
  File "/Users/umutaraz/Desktop/Projeler/MediTrack/MediTrack/venv/lib/python3.13/site-packages/django/template/loader_tags.py", line 65, in render
    result = block.nodelist.render(context)
  File "/Users/umutaraz/Desktop/Projeler/MediTrack/MediTrack/venv/lib/python3.13/site-packages/django/template/base.py", line 1016, in render
    return SafeString("".join([node.render_annotated(context) for node in self]))
                               ~~~~~~~~~~~~~~~~~~~~~^^^^^^^^^
  File "/Users/umutaraz/Desktop/Projeler/MediTrack/MediTrack/venv/lib/python3.13/site-packages/django/template/base.py", line 977, in render_annotated
    return self.render(context)
           ~~~~~~~~~~~^^^^^^^^^
  File "/Users/umutaraz/Desktop/Projeler/MediTrack/MediTrack/venv/lib/python3.13/site-packages/django/template/defaulttags.py", line 480, in render
    url = reverse(view_name, args=args, kwargs=kwargs, current_app=current_app)
  File "/Users/umutaraz/Desktop/Projeler/MediTrack/MediTrack/venv/lib/python3.13/site-packages/django/urls/base.py", line 98, in reverse
    resolved_url = resolver._reverse_with_prefix(view, prefix, *args, **kwargs)
  File "/Users/umutaraz/Desktop/Projeler/MediTrack/MediTrack/venv/lib/python3.13/site-packages/django/urls/resolvers.py", line 831, in _reverse_with_prefix
    raise NoReverseMatch(msg)
django.urls.exceptions.NoReverseMatch: Reverse for 'ai_chat' not found. 'ai_chat' is not a valid view function or pattern name.
"GET /core/ai-assistant/ HTTP/1.1" 500 154384
"GET /treatments/medical-images/ HTTP/1.1" 200 23196
"GET /theme/preference/ HTTP/1.1" 200 19
"GET / HTTP/1.1" 200 29120
"GET /theme/preference/ HTTP/1.1" 200 19
"GET /logout/ HTTP/1.1" 302 0
"GET /login/ HTTP/1.1" 200 9158
"GET / HTTP/1.1" 200 16964
/Users/umutaraz/Desktop/Projeler/MediTrack/MediTrack/treatments/models.py changed, reloading.
Watching for file changes with StatReloader
/Users/umutaraz/Desktop/Projeler/MediTrack/MediTrack/treatments/models.py changed, reloading.
Watching for file changes with StatReloader
/Users/umutaraz/Desktop/Projeler/MediTrack/MediTrack/core/models_notifications.py changed, reloading.
Watching for file changes with StatReloader
/Users/umutaraz/Desktop/Projeler/MediTrack/MediTrack/core/models_notifications.py changed, reloading.
Watching for file changes with StatReloader
"GET /dashboard/ HTTP/1.1" 302 0
"GET /login/?next=/dashboard/ HTTP/1.1" 200 9169
"POST /login/?next=/dashboard/ HTTP/1.1" 302 0
"GET /dashboard/ HTTP/1.1" 200 24252
"GET /theme/preference/ HTTP/1.1" 200 19
"POST /theme/toggle/ HTTP/1.1" 200 37
"GET / HTTP/1.1" 200 29121
"GET /theme/preference/ HTTP/1.1" 200 20
Internal Server Error: /core/doctors/
Traceback (most recent call last):
  File "/Users/umutaraz/Desktop/Projeler/MediTrack/MediTrack/venv/lib/python3.13/site-packages/django/core/handlers/exception.py", line 55, in inner
    response = get_response(request)
  File "/Users/umutaraz/Desktop/Projeler/MediTrack/MediTrack/venv/lib/python3.13/site-packages/django/core/handlers/base.py", line 220, in _get_response
    response = response.render()
  File "/Users/umutaraz/Desktop/Projeler/MediTrack/MediTrack/venv/lib/python3.13/site-packages/django/template/response.py", line 114, in render
    self.content = self.rendered_content
                   ^^^^^^^^^^^^^^^^^^^^^
  File "/Users/umutaraz/Desktop/Projeler/MediTrack/MediTrack/venv/lib/python3.13/site-packages/django/template/response.py", line 92, in rendered_content
    return template.render(context, self._request)
           ~~~~~~~~~~~~~~~^^^^^^^^^^^^^^^^^^^^^^^^
  File "/Users/umutaraz/Desktop/Projeler/MediTrack/MediTrack/venv/lib/python3.13/site-packages/django/template/backends/django.py", line 107, in render
    return self.template.render(context)
           ~~~~~~~~~~~~~~~~~~~~^^^^^^^^^
  File "/Users/umutaraz/Desktop/Projeler/MediTrack/MediTrack/venv/lib/python3.13/site-packages/django/template/base.py", line 171, in render
    return self._render(context)
           ~~~~~~~~~~~~^^^^^^^^^
  File "/Users/umutaraz/Desktop/Projeler/MediTrack/MediTrack/venv/lib/python3.13/site-packages/django/template/base.py", line 163, in _render
    return self.nodelist.render(context)
           ~~~~~~~~~~~~~~~~~~~~^^^^^^^^^
  File "/Users/umutaraz/Desktop/Projeler/MediTrack/MediTrack/venv/lib/python3.13/site-packages/django/template/base.py", line 1016, in render
    return SafeString("".join([node.render_annotated(context) for node in self]))
                               ~~~~~~~~~~~~~~~~~~~~~^^^^^^^^^
  File "/Users/umutaraz/Desktop/Projeler/MediTrack/MediTrack/venv/lib/python3.13/site-packages/django/template/base.py", line 977, in render_annotated
    return self.render(context)
           ~~~~~~~~~~~^^^^^^^^^
  File "/Users/umutaraz/Desktop/Projeler/MediTrack/MediTrack/venv/lib/python3.13/site-packages/django/template/loader_tags.py", line 159, in render
    return compiled_parent._render(context)
           ~~~~~~~~~~~~~~~~~~~~~~~^^^^^^^^^
  File "/Users/umutaraz/Desktop/Projeler/MediTrack/MediTrack/venv/lib/python3.13/site-packages/django/template/base.py", line 163, in _render
    return self.nodelist.render(context)
           ~~~~~~~~~~~~~~~~~~~~^^^^^^^^^
  File "/Users/umutaraz/Desktop/Projeler/MediTrack/MediTrack/venv/lib/python3.13/site-packages/django/template/base.py", line 1016, in render
    return SafeString("".join([node.render_annotated(context) for node in self]))
                               ~~~~~~~~~~~~~~~~~~~~~^^^^^^^^^
  File "/Users/umutaraz/Desktop/Projeler/MediTrack/MediTrack/venv/lib/python3.13/site-packages/django/template/base.py", line 977, in render_annotated
    return self.render(context)
           ~~~~~~~~~~~^^^^^^^^^
  File "/Users/umutaraz/Desktop/Projeler/MediTrack/MediTrack/venv/lib/python3.13/site-packages/django/template/loader_tags.py", line 65, in render
    result = block.nodelist.render(context)
  File "/Users/umutaraz/Desktop/Projeler/MediTrack/MediTrack/venv/lib/python3.13/site-packages/django/template/base.py", line 1016, in render
    return SafeString("".join([node.render_annotated(context) for node in self]))
                               ~~~~~~~~~~~~~~~~~~~~~^^^^^^^^^
  File "/Users/umutaraz/Desktop/Projeler/MediTrack/MediTrack/venv/lib/python3.13/site-packages/django/template/base.py", line 977, in render_annotated
    return self.render(context)
           ~~~~~~~~~~~^^^^^^^^^
  File "/Users/umutaraz/Desktop/Projeler/MediTrack/MediTrack/venv/lib/python3.13/site-packages/django/template/defaulttags.py", line 327, in render
    return nodelist.render(context)
           ~~~~~~~~~~~~~~~^^^^^^^^^
  File "/Users/umutaraz/Desktop/Projeler/MediTrack/MediTrack/venv/lib/python3.13/site-packages/django/template/base.py", line 1016, in render
    return SafeString("".join([node.render_annotated(context) for node in self]))
                               ~~~~~~~~~~~~~~~~~~~~~^^^^^^^^^
  File "/Users/umutaraz/Desktop/Projeler/MediTrack/MediTrack/venv/lib/python3.13/site-packages/django/template/base.py", line 977, in render_annotated
    return self.render(context)
           ~~~~~~~~~~~^^^^^^^^^
  File "/Users/umutaraz/Desktop/Projeler/MediTrack/MediTrack/venv/lib/python3.13/site-packages/django/template/defaulttags.py", line 480, in render
    url = reverse(view_name, args=args, kwargs=kwargs, current_app=current_app)
  File "/Users/umutaraz/Desktop/Projeler/MediTrack/MediTrack/venv/lib/python3.13/site-packages/django/urls/base.py", line 98, in reverse
    resolved_url = resolver._reverse_with_prefix(view, prefix, *args, **kwargs)
  File "/Users/umutaraz/Desktop/Projeler/MediTrack/MediTrack/venv/lib/python3.13/site-packages/django/urls/resolvers.py", line 831, in _reverse_with_prefix
    raise NoReverseMatch(msg)
django.urls.exceptions.NoReverseMatch: Reverse for 'doctor-create' not found. 'doctor-create' is not a valid view function or pattern name.
"GET /core/doctors/ HTTP/1.1" 500 176756
"GET /core/appointments/ HTTP/1.1" 200 22547
"GET /theme/preference/ HTTP/1.1" 200 20
"GET /core/appointments/create/ HTTP/1.1" 200 24448
"GET /theme/preference/ HTTP/1.1" 200 20
"GET /appointments/calendar/ HTTP/1.1" 200 25534
"GET /theme/preference/ HTTP/1.1" 200 20
Internal Server Error: /telemedicine/
Traceback (most recent call last):
  File "/Users/umutaraz/Desktop/Projeler/MediTrack/MediTrack/venv/lib/python3.13/site-packages/django/core/handlers/exception.py", line 55, in inner
    response = get_response(request)
  File "/Users/umutaraz/Desktop/Projeler/MediTrack/MediTrack/venv/lib/python3.13/site-packages/django/core/handlers/base.py", line 220, in _get_response
    response = response.render()
  File "/Users/umutaraz/Desktop/Projeler/MediTrack/MediTrack/venv/lib/python3.13/site-packages/django/template/response.py", line 114, in render
    self.content = self.rendered_content
                   ^^^^^^^^^^^^^^^^^^^^^
  File "/Users/umutaraz/Desktop/Projeler/MediTrack/MediTrack/venv/lib/python3.13/site-packages/django/template/response.py", line 90, in rendered_content
    template = self.resolve_template(self.template_name)
  File "/Users/umutaraz/Desktop/Projeler/MediTrack/MediTrack/venv/lib/python3.13/site-packages/django/template/response.py", line 72, in resolve_template
    return select_template(template, using=self.using)
  File "/Users/umutaraz/Desktop/Projeler/MediTrack/MediTrack/venv/lib/python3.13/site-packages/django/template/loader.py", line 47, in select_template
    raise TemplateDoesNotExist(", ".join(template_name_list), chain=chain)
django.template.exceptions.TemplateDoesNotExist: telemedicine/consultation_list.html, telemedicine/telemedicineconsultation_list.html
"GET /telemedicine/ HTTP/1.1" 500 83378
Internal Server Error: /core/ai-assistant/
Traceback (most recent call last):
  File "/Users/umutaraz/Desktop/Projeler/MediTrack/MediTrack/venv/lib/python3.13/site-packages/django/core/handlers/exception.py", line 55, in inner
    response = get_response(request)
  File "/Users/umutaraz/Desktop/Projeler/MediTrack/MediTrack/venv/lib/python3.13/site-packages/django/core/handlers/base.py", line 197, in _get_response
    response = wrapped_callback(request, *callback_args, **callback_kwargs)
  File "/Users/umutaraz/Desktop/Projeler/MediTrack/MediTrack/venv/lib/python3.13/site-packages/django/contrib/auth/decorators.py", line 59, in _view_wrapper
    return view_func(request, *args, **kwargs)
  File "/Users/umutaraz/Desktop/Projeler/MediTrack/MediTrack/core/views.py", line 685, in ai_assistant
    return render(request, 'core/ai_assistant.html', context)
  File "/Users/umutaraz/Desktop/Projeler/MediTrack/MediTrack/venv/lib/python3.13/site-packages/django/shortcuts.py", line 25, in render
    content = loader.render_to_string(template_name, context, request, using=using)
  File "/Users/umutaraz/Desktop/Projeler/MediTrack/MediTrack/venv/lib/python3.13/site-packages/django/template/loader.py", line 62, in render_to_string
    return template.render(context, request)
           ~~~~~~~~~~~~~~~^^^^^^^^^^^^^^^^^^
  File "/Users/umutaraz/Desktop/Projeler/MediTrack/MediTrack/venv/lib/python3.13/site-packages/django/template/backends/django.py", line 107, in render
    return self.template.render(context)
           ~~~~~~~~~~~~~~~~~~~~^^^^^^^^^
  File "/Users/umutaraz/Desktop/Projeler/MediTrack/MediTrack/venv/lib/python3.13/site-packages/django/template/base.py", line 171, in render
    return self._render(context)
           ~~~~~~~~~~~~^^^^^^^^^
  File "/Users/umutaraz/Desktop/Projeler/MediTrack/MediTrack/venv/lib/python3.13/site-packages/django/template/base.py", line 163, in _render
    return self.nodelist.render(context)
           ~~~~~~~~~~~~~~~~~~~~^^^^^^^^^
  File "/Users/umutaraz/Desktop/Projeler/MediTrack/MediTrack/venv/lib/python3.13/site-packages/django/template/base.py", line 1016, in render
    return SafeString("".join([node.render_annotated(context) for node in self]))
                               ~~~~~~~~~~~~~~~~~~~~~^^^^^^^^^
  File "/Users/umutaraz/Desktop/Projeler/MediTrack/MediTrack/venv/lib/python3.13/site-packages/django/template/base.py", line 977, in render_annotated
    return self.render(context)
           ~~~~~~~~~~~^^^^^^^^^
  File "/Users/umutaraz/Desktop/Projeler/MediTrack/MediTrack/venv/lib/python3.13/site-packages/django/template/loader_tags.py", line 159, in render
    return compiled_parent._render(context)
           ~~~~~~~~~~~~~~~~~~~~~~~^^^^^^^^^
  File "/Users/umutaraz/Desktop/Projeler/MediTrack/MediTrack/venv/lib/python3.13/site-packages/django/template/base.py", line 163, in _render
    return self.nodelist.render(context)
           ~~~~~~~~~~~~~~~~~~~~^^^^^^^^^
  File "/Users/umutaraz/Desktop/Projeler/MediTrack/MediTrack/venv/lib/python3.13/site-packages/django/template/base.py", line 1016, in render
    return SafeString("".join([node.render_annotated(context) for node in self]))
                               ~~~~~~~~~~~~~~~~~~~~~^^^^^^^^^
  File "/Users/umutaraz/Desktop/Projeler/MediTrack/MediTrack/venv/lib/python3.13/site-packages/django/template/base.py", line 977, in render_annotated
    return self.render(context)
           ~~~~~~~~~~~^^^^^^^^^
  File "/Users/umutaraz/Desktop/Projeler/MediTrack/MediTrack/venv/lib/python3.13/site-packages/django/template/loader_tags.py", line 65, in render
    result = block.nodelist.render(context)
  File "/Users/umutaraz/Desktop/Projeler/MediTrack/MediTrack/venv/lib/python3.13/site-packages/django/template/base.py", line 1016, in render
    return SafeString("".join([node.render_annotated(context) for node in self]))
                               ~~~~~~~~~~~~~~~~~~~~~^^^^^^^^^
  File "/Users/umutaraz/Desktop/Projeler/MediTrack/MediTrack/venv/lib/python3.13/site-packages/django/template/base.py", line 977, in render_annotated
    return self.render(context)
           ~~~~~~~~~~~^^^^^^^^^
  File "/Users/umutaraz/Desktop/Projeler/MediTrack/MediTrack/venv/lib/python3.13/site-packages/django/template/defaulttags.py", line 480, in render
    url = reverse(view_name, args=args, kwargs=kwargs, current_app=current_app)
  File "/Users/umutaraz/Desktop/Projeler/MediTrack/MediTrack/venv/lib/python3.13/site-packages/django/urls/base.py", line 98, in reverse
    resolved_url = resolver._reverse_with_prefix(view, prefix, *args, **kwargs)
  File "/Users/umutaraz/Desktop/Projeler/MediTrack/MediTrack/venv/lib/python3.13/site-packages/django/urls/resolvers.py", line 831, in _reverse_with_prefix
    raise NoReverseMatch(msg)
django.urls.exceptions.NoReverseMatch: Reverse for 'ai_chat' not found. 'ai_chat' is not a valid view function or pattern name.
"GET /core/ai-assistant/ HTTP/1.1" 500 154406
"GET / HTTP/1.1" 200 29121
"GET /theme/preference/ HTTP/1.1" 200 20
"GET / HTTP/1.1" 200 29121
"GET /static/assets/js/theme.js HTTP/1.1" 200 3846
"GET /static/assets/css/theme.css HTTP/1.1" 200 3708
"GET /static/assets/js/scripts.bundle.js HTTP/1.1" 200 238050
"GET /static/assets/plugins/global/plugins.bundle.css HTTP/1.1" 200 879267
"GET /static/assets/css/style.bundle.css HTTP/1.1" 200 1538590
"GET /static/assets/plugins/global/plugins.bundle.js HTTP/1.1" 200 3558077
"GET /static/assets/css/theme.css HTTP/1.1" 200 3708
"GET /theme/preference/ HTTP/1.1" 200 20
"GET /static/assets/plugins/global/plugins.bundle.css HTTP/1.1" 200 879267
"GET /static/assets/css/style.bundle.css HTTP/1.1" 200 1538590
"POST /theme/toggle/ HTTP/1.1" 200 36
"POST /theme/toggle/ HTTP/1.1" 200 37
"GET /dashboard/ HTTP/1.1" 200 24253
"GET /static/assets/css/theme.css HTTP/1.1" 200 3708
"GET /static/assets/plugins/global/plugins.bundle.css HTTP/1.1" 200 879267
"GET /static/assets/css/style.bundle.css HTTP/1.1" 200 1538590
"GET /static/assets/css/theme.css HTTP/1.1" 200 3708
"GET /theme/preference/ HTTP/1.1" 200 20
"GET /static/assets/plugins/global/plugins.bundle.css HTTP/1.1" 200 879267
"GET /static/assets/css/style.bundle.css HTTP/1.1" 200 1538590
"GET /dashboard/ HTTP/1.1" 200 24253
"GET /static/assets/css/theme.css HTTP/1.1" 200 3708
"GET /static/assets/plugins/global/plugins.bundle.css HTTP/1.1" 200 879267
"GET /static/assets/css/style.bundle.css HTTP/1.1" 200 1538590
"GET /static/assets/css/theme.css HTTP/1.1" 200 3708
"GET /theme/preference/ HTTP/1.1" 200 20
"GET /static/assets/plugins/global/plugins.bundle.css HTTP/1.1" 200 879267
"GET /static/assets/css/style.bundle.css HTTP/1.1" 200 1538590
"GET / HTTP/1.1" 200 29121
"GET /static/assets/css/theme.css HTTP/1.1" 200 3708
"GET /static/assets/plugins/global/plugins.bundle.css HTTP/1.1" 200 879267
"GET /static/assets/css/style.bundle.css HTTP/1.1" 200 1538590
"GET /static/assets/css/theme.css HTTP/1.1" 200 3708
"GET /theme/preference/ HTTP/1.1" 200 20
"GET /static/assets/plugins/global/plugins.bundle.css HTTP/1.1" 200 879267
"GET /static/assets/css/style.bundle.css HTTP/1.1" 200 1538590
"GET /dashboard/ HTTP/1.1" 200 24253
"GET /static/assets/css/theme.css HTTP/1.1" 200 3708
"GET /static/assets/plugins/global/plugins.bundle.css HTTP/1.1" 200 879267
"GET /static/assets/css/style.bundle.css HTTP/1.1" 200 1538590
"GET /static/assets/css/theme.css HTTP/1.1" 200 3708
"GET /theme/preference/ HTTP/1.1" 200 20
"GET /static/assets/plugins/global/plugins.bundle.css HTTP/1.1" 200 879267
"GET /static/assets/css/style.bundle.css HTTP/1.1" 200 1538590
"GET /core/appointments/ HTTP/1.1" 200 22547
"GET /static/assets/css/theme.css HTTP/1.1" 200 3708
"GET /static/assets/plugins/global/plugins.bundle.css HTTP/1.1" 200 879267
"GET /static/assets/css/style.bundle.css HTTP/1.1" 200 1538590
"GET /static/assets/css/theme.css HTTP/1.1" 200 3708
"GET /theme/preference/ HTTP/1.1" 200 20
"GET /static/assets/plugins/global/plugins.bundle.css HTTP/1.1" 200 879267
"GET /static/assets/css/style.bundle.css HTTP/1.1" 200 1538590
"GET /core/appointments/ HTTP/1.1" 200 22547
"GET /theme/preference/ HTTP/1.1" 200 20
"GET / HTTP/1.1" 200 29121
"GET /theme/preference/ HTTP/1.1" 200 20
/Users/umutaraz/Desktop/Projeler/MediTrack/MediTrack/telemedicine/urls.py changed, reloading.
Watching for file changes with StatReloader
/Users/umutaraz/Desktop/Projeler/MediTrack/MediTrack/telemedicine/views.py changed, reloading.
Watching for file changes with StatReloader
/Users/umutaraz/Desktop/Projeler/MediTrack/MediTrack/meditrack/urls.py changed, reloading.
Watching for file changes with StatReloader
/Users/umutaraz/Desktop/Projeler/MediTrack/MediTrack/core/views.py changed, reloading.
Watching for file changes with StatReloader
/Users/umutaraz/Desktop/Projeler/MediTrack/MediTrack/core/views.py changed, reloading.
Watching for file changes with StatReloader
/Users/umutaraz/Desktop/Projeler/MediTrack/MediTrack/core/urls.py changed, reloading.
Watching for file changes with StatReloader
/Users/umutaraz/Desktop/Projeler/MediTrack/MediTrack/telemedicine/urls.py changed, reloading.
Watching for file changes with StatReloader
"GET / HTTP/1.1" 200 29121
"GET /static/assets/css/theme.css HTTP/1.1" 304 0
"GET /theme/preference/ HTTP/1.1" 200 20
"GET /core/doctors/ HTTP/1.1" 200 36191
"GET /theme/preference/ HTTP/1.1" 200 20
"GET /core/appointments/ HTTP/1.1" 200 22547
"GET /theme/preference/ HTTP/1.1" 200 20
"GET /appointments/calendar/ HTTP/1.1" 200 25534
"GET /theme/preference/ HTTP/1.1" 200 20
"GET /telemedicine/ HTTP/1.1" 200 21543
"GET /theme/preference/ HTTP/1.1" 200 20
"GET /telemedicine/ HTTP/1.1" 200 21543
"GET /theme/preference/ HTTP/1.1" 200 20
"GET /core/ai-assistant/ HTTP/1.1" 200 38538
"GET /theme/preference/ HTTP/1.1" 200 20
"GET /core/ai-assistant/ HTTP/1.1" 200 38538
"GET /theme/preference/ HTTP/1.1" 200 20
"GET /treatments/medications/ HTTP/1.1" 200 22458
"GET /theme/preference/ HTTP/1.1" 200 20
"GET /treatments/medical-images/ HTTP/1.1" 200 23197
"GET /theme/preference/ HTTP/1.1" 200 20
"GET /treatments/reports/ HTTP/1.1" 200 23019
"GET /theme/preference/ HTTP/1.1" 200 20
Forbidden (Permission denied): /treatments/lab-tests/
Traceback (most recent call last):
  File "/Users/umutaraz/Desktop/Projeler/MediTrack/MediTrack/venv/lib/python3.13/site-packages/django/core/handlers/exception.py", line 55, in inner
    response = get_response(request)
  File "/Users/umutaraz/Desktop/Projeler/MediTrack/MediTrack/venv/lib/python3.13/site-packages/django/core/handlers/base.py", line 197, in _get_response
    response = wrapped_callback(request, *callback_args, **callback_kwargs)
  File "/Users/umutaraz/Desktop/Projeler/MediTrack/MediTrack/venv/lib/python3.13/site-packages/django/views/generic/base.py", line 104, in view
    return self.dispatch(request, *args, **kwargs)
           ~~~~~~~~~~~~~^^^^^^^^^^^^^^^^^^^^^^^^^^
  File "/Users/umutaraz/Desktop/Projeler/MediTrack/MediTrack/venv/lib/python3.13/site-packages/django/contrib/auth/mixins.py", line 73, in dispatch
    return super().dispatch(request, *args, **kwargs)
           ~~~~~~~~~~~~~~~~^^^^^^^^^^^^^^^^^^^^^^^^^^
  File "/Users/umutaraz/Desktop/Projeler/MediTrack/MediTrack/venv/lib/python3.13/site-packages/django/contrib/auth/mixins.py", line 134, in dispatch
    return self.handle_no_permission()
           ~~~~~~~~~~~~~~~~~~~~~~~~~^^
  File "/Users/umutaraz/Desktop/Projeler/MediTrack/MediTrack/venv/lib/python3.13/site-packages/django/contrib/auth/mixins.py", line 48, in handle_no_permission
    raise PermissionDenied(self.get_permission_denied_message())
django.core.exceptions.PermissionDenied
"GET /treatments/lab-tests/ HTTP/1.1" 403 135
"GET /core/notifications/ HTTP/1.1" 200 25523
"GET /theme/preference/ HTTP/1.1" 200 20
"GET /dashboard/ HTTP/1.1" 200 24253
"GET /theme/preference/ HTTP/1.1" 200 20
"GET /logout/ HTTP/1.1" 302 0
"GET /login/ HTTP/1.1" 200 9158
"GET / HTTP/1.1" 200 16964
"GET /login/ HTTP/1.1" 200 9158
"POST /login/ HTTP/1.1" 302 0
"GET /dashboard/ HTTP/1.1" 200 29772
"GET /static/assets/css/theme.css HTTP/1.1" 304 0
"GET /theme/preference/ HTTP/1.1" 200 19
"POST /theme/toggle/ HTTP/1.1" 200 37
"GET /telemedicine/ HTTP/1.1" 200 22928
"GET /theme/preference/ HTTP/1.1" 200 20
"GET /core/patients/ HTTP/1.1" 200 26379
"GET /theme/preference/ HTTP/1.1" 200 20
Internal Server Error: /core/patients/1/
Traceback (most recent call last):
  File "/Users/umutaraz/Desktop/Projeler/MediTrack/MediTrack/venv/lib/python3.13/site-packages/django/core/handlers/exception.py", line 55, in inner
    response = get_response(request)
  File "/Users/umutaraz/Desktop/Projeler/MediTrack/MediTrack/venv/lib/python3.13/site-packages/django/core/handlers/base.py", line 220, in _get_response
    response = response.render()
  File "/Users/umutaraz/Desktop/Projeler/MediTrack/MediTrack/venv/lib/python3.13/site-packages/django/template/response.py", line 114, in render
    self.content = self.rendered_content
                   ^^^^^^^^^^^^^^^^^^^^^
  File "/Users/umutaraz/Desktop/Projeler/MediTrack/MediTrack/venv/lib/python3.13/site-packages/django/template/response.py", line 92, in rendered_content
    return template.render(context, self._request)
           ~~~~~~~~~~~~~~~^^^^^^^^^^^^^^^^^^^^^^^^
  File "/Users/umutaraz/Desktop/Projeler/MediTrack/MediTrack/venv/lib/python3.13/site-packages/django/template/backends/django.py", line 107, in render
    return self.template.render(context)
           ~~~~~~~~~~~~~~~~~~~~^^^^^^^^^
  File "/Users/umutaraz/Desktop/Projeler/MediTrack/MediTrack/venv/lib/python3.13/site-packages/django/template/base.py", line 171, in render
    return self._render(context)
           ~~~~~~~~~~~~^^^^^^^^^
  File "/Users/umutaraz/Desktop/Projeler/MediTrack/MediTrack/venv/lib/python3.13/site-packages/django/template/base.py", line 163, in _render
    return self.nodelist.render(context)
           ~~~~~~~~~~~~~~~~~~~~^^^^^^^^^
  File "/Users/umutaraz/Desktop/Projeler/MediTrack/MediTrack/venv/lib/python3.13/site-packages/django/template/base.py", line 1016, in render
    return SafeString("".join([node.render_annotated(context) for node in self]))
                               ~~~~~~~~~~~~~~~~~~~~~^^^^^^^^^
  File "/Users/umutaraz/Desktop/Projeler/MediTrack/MediTrack/venv/lib/python3.13/site-packages/django/template/base.py", line 977, in render_annotated
    return self.render(context)
           ~~~~~~~~~~~^^^^^^^^^
  File "/Users/umutaraz/Desktop/Projeler/MediTrack/MediTrack/venv/lib/python3.13/site-packages/django/template/loader_tags.py", line 159, in render
    return compiled_parent._render(context)
           ~~~~~~~~~~~~~~~~~~~~~~~^^^^^^^^^
  File "/Users/umutaraz/Desktop/Projeler/MediTrack/MediTrack/venv/lib/python3.13/site-packages/django/template/base.py", line 163, in _render
    return self.nodelist.render(context)
           ~~~~~~~~~~~~~~~~~~~~^^^^^^^^^
  File "/Users/umutaraz/Desktop/Projeler/MediTrack/MediTrack/venv/lib/python3.13/site-packages/django/template/base.py", line 1016, in render
    return SafeString("".join([node.render_annotated(context) for node in self]))
                               ~~~~~~~~~~~~~~~~~~~~~^^^^^^^^^
  File "/Users/umutaraz/Desktop/Projeler/MediTrack/MediTrack/venv/lib/python3.13/site-packages/django/template/base.py", line 977, in render_annotated
    return self.render(context)
           ~~~~~~~~~~~^^^^^^^^^
  File "/Users/umutaraz/Desktop/Projeler/MediTrack/MediTrack/venv/lib/python3.13/site-packages/django/template/loader_tags.py", line 65, in render
    result = block.nodelist.render(context)
  File "/Users/umutaraz/Desktop/Projeler/MediTrack/MediTrack/venv/lib/python3.13/site-packages/django/template/base.py", line 1016, in render
    return SafeString("".join([node.render_annotated(context) for node in self]))
                               ~~~~~~~~~~~~~~~~~~~~~^^^^^^^^^
  File "/Users/umutaraz/Desktop/Projeler/MediTrack/MediTrack/venv/lib/python3.13/site-packages/django/template/base.py", line 977, in render_annotated
    return self.render(context)
           ~~~~~~~~~~~^^^^^^^^^
  File "/Users/umutaraz/Desktop/Projeler/MediTrack/MediTrack/venv/lib/python3.13/site-packages/django/template/defaulttags.py", line 327, in render
    return nodelist.render(context)
           ~~~~~~~~~~~~~~~^^^^^^^^^
  File "/Users/umutaraz/Desktop/Projeler/MediTrack/MediTrack/venv/lib/python3.13/site-packages/django/template/base.py", line 1016, in render
    return SafeString("".join([node.render_annotated(context) for node in self]))
                               ~~~~~~~~~~~~~~~~~~~~~^^^^^^^^^
  File "/Users/umutaraz/Desktop/Projeler/MediTrack/MediTrack/venv/lib/python3.13/site-packages/django/template/base.py", line 977, in render_annotated
    return self.render(context)
           ~~~~~~~~~~~^^^^^^^^^
  File "/Users/umutaraz/Desktop/Projeler/MediTrack/MediTrack/venv/lib/python3.13/site-packages/django/template/defaulttags.py", line 480, in render
    url = reverse(view_name, args=args, kwargs=kwargs, current_app=current_app)
  File "/Users/umutaraz/Desktop/Projeler/MediTrack/MediTrack/venv/lib/python3.13/site-packages/django/urls/base.py", line 98, in reverse
    resolved_url = resolver._reverse_with_prefix(view, prefix, *args, **kwargs)
  File "/Users/umutaraz/Desktop/Projeler/MediTrack/MediTrack/venv/lib/python3.13/site-packages/django/urls/resolvers.py", line 831, in _reverse_with_prefix
    raise NoReverseMatch(msg)
django.urls.exceptions.NoReverseMatch: Reverse for 'appointment-create' not found. 'appointment-create' is not a valid view function or pattern name.
"GET /core/patients/1/ HTTP/1.1" 500 173115
"GET /core/appointments/create/?patient=1 HTTP/1.1" 200 26339
"GET /theme/preference/ HTTP/1.1" 200 20
"GET /core/appointments/ HTTP/1.1" 200 29445
"GET /theme/preference/ HTTP/1.1" 200 20
Internal Server Error: /core/appointments/54/
Traceback (most recent call last):
  File "/Users/umutaraz/Desktop/Projeler/MediTrack/MediTrack/venv/lib/python3.13/site-packages/django/core/handlers/exception.py", line 55, in inner
    response = get_response(request)
  File "/Users/umutaraz/Desktop/Projeler/MediTrack/MediTrack/venv/lib/python3.13/site-packages/django/core/handlers/base.py", line 220, in _get_response
    response = response.render()
  File "/Users/umutaraz/Desktop/Projeler/MediTrack/MediTrack/venv/lib/python3.13/site-packages/django/template/response.py", line 114, in render
    self.content = self.rendered_content
                   ^^^^^^^^^^^^^^^^^^^^^
  File "/Users/umutaraz/Desktop/Projeler/MediTrack/MediTrack/venv/lib/python3.13/site-packages/django/template/response.py", line 92, in rendered_content
    return template.render(context, self._request)
           ~~~~~~~~~~~~~~~^^^^^^^^^^^^^^^^^^^^^^^^
  File "/Users/umutaraz/Desktop/Projeler/MediTrack/MediTrack/venv/lib/python3.13/site-packages/django/template/backends/django.py", line 107, in render
    return self.template.render(context)
           ~~~~~~~~~~~~~~~~~~~~^^^^^^^^^
  File "/Users/umutaraz/Desktop/Projeler/MediTrack/MediTrack/venv/lib/python3.13/site-packages/django/template/base.py", line 171, in render
    return self._render(context)
           ~~~~~~~~~~~~^^^^^^^^^
  File "/Users/umutaraz/Desktop/Projeler/MediTrack/MediTrack/venv/lib/python3.13/site-packages/django/template/base.py", line 163, in _render
    return self.nodelist.render(context)
           ~~~~~~~~~~~~~~~~~~~~^^^^^^^^^
  File "/Users/umutaraz/Desktop/Projeler/MediTrack/MediTrack/venv/lib/python3.13/site-packages/django/template/base.py", line 1016, in render
    return SafeString("".join([node.render_annotated(context) for node in self]))
                               ~~~~~~~~~~~~~~~~~~~~~^^^^^^^^^
  File "/Users/umutaraz/Desktop/Projeler/MediTrack/MediTrack/venv/lib/python3.13/site-packages/django/template/base.py", line 977, in render_annotated
    return self.render(context)
           ~~~~~~~~~~~^^^^^^^^^
  File "/Users/umutaraz/Desktop/Projeler/MediTrack/MediTrack/venv/lib/python3.13/site-packages/django/template/loader_tags.py", line 159, in render
    return compiled_parent._render(context)
           ~~~~~~~~~~~~~~~~~~~~~~~^^^^^^^^^
  File "/Users/umutaraz/Desktop/Projeler/MediTrack/MediTrack/venv/lib/python3.13/site-packages/django/template/base.py", line 163, in _render
    return self.nodelist.render(context)
           ~~~~~~~~~~~~~~~~~~~~^^^^^^^^^
  File "/Users/umutaraz/Desktop/Projeler/MediTrack/MediTrack/venv/lib/python3.13/site-packages/django/template/base.py", line 1016, in render
    return SafeString("".join([node.render_annotated(context) for node in self]))
                               ~~~~~~~~~~~~~~~~~~~~~^^^^^^^^^
  File "/Users/umutaraz/Desktop/Projeler/MediTrack/MediTrack/venv/lib/python3.13/site-packages/django/template/base.py", line 977, in render_annotated
    return self.render(context)
           ~~~~~~~~~~~^^^^^^^^^
  File "/Users/umutaraz/Desktop/Projeler/MediTrack/MediTrack/venv/lib/python3.13/site-packages/django/template/loader_tags.py", line 65, in render
    result = block.nodelist.render(context)
  File "/Users/umutaraz/Desktop/Projeler/MediTrack/MediTrack/venv/lib/python3.13/site-packages/django/template/base.py", line 1016, in render
    return SafeString("".join([node.render_annotated(context) for node in self]))
                               ~~~~~~~~~~~~~~~~~~~~~^^^^^^^^^
  File "/Users/umutaraz/Desktop/Projeler/MediTrack/MediTrack/venv/lib/python3.13/site-packages/django/template/base.py", line 977, in render_annotated
    return self.render(context)
           ~~~~~~~~~~~^^^^^^^^^
  File "/Users/umutaraz/Desktop/Projeler/MediTrack/MediTrack/venv/lib/python3.13/site-packages/django/template/defaulttags.py", line 327, in render
    return nodelist.render(context)
           ~~~~~~~~~~~~~~~^^^^^^^^^
  File "/Users/umutaraz/Desktop/Projeler/MediTrack/MediTrack/venv/lib/python3.13/site-packages/django/template/base.py", line 1016, in render
    return SafeString("".join([node.render_annotated(context) for node in self]))
                               ~~~~~~~~~~~~~~~~~~~~~^^^^^^^^^
  File "/Users/umutaraz/Desktop/Projeler/MediTrack/MediTrack/venv/lib/python3.13/site-packages/django/template/base.py", line 977, in render_annotated
    return self.render(context)
           ~~~~~~~~~~~^^^^^^^^^
  File "/Users/umutaraz/Desktop/Projeler/MediTrack/MediTrack/venv/lib/python3.13/site-packages/django/template/defaulttags.py", line 480, in render
    url = reverse(view_name, args=args, kwargs=kwargs, current_app=current_app)
  File "/Users/umutaraz/Desktop/Projeler/MediTrack/MediTrack/venv/lib/python3.13/site-packages/django/urls/base.py", line 98, in reverse
    resolved_url = resolver._reverse_with_prefix(view, prefix, *args, **kwargs)
  File "/Users/umutaraz/Desktop/Projeler/MediTrack/MediTrack/venv/lib/python3.13/site-packages/django/urls/resolvers.py", line 831, in _reverse_with_prefix
    raise NoReverseMatch(msg)
django.urls.exceptions.NoReverseMatch: Reverse for 'appointment-update' not found. 'appointment-update' is not a valid view function or pattern name.
"GET /core/appointments/54/ HTTP/1.1" 500 168117
"GET /core/appointments/54/treatment/create/ HTTP/1.1" 200 28292
"GET /theme/preference/ HTTP/1.1" 200 20
"GET /core/appointments/54/update/ HTTP/1.1" 200 26383
"GET /theme/preference/ HTTP/1.1" 200 20
"GET /appointments/calendar/ HTTP/1.1" 200 27098
"GET /theme/preference/ HTTP/1.1" 200 20
"GET /telemedicine/ HTTP/1.1" 200 22928
"GET /theme/preference/ HTTP/1.1" 200 20
"GET /core/analytics/ HTTP/1.1" 200 43109
"GET /theme/preference/ HTTP/1.1" 200 20
"GET /core/ai-assistant/ HTTP/1.1" 200 39923
"GET /theme/preference/ HTTP/1.1" 200 20
"POST /core/ai-assistant/chat/ HTTP/1.1" 200 210
"POST /core/ai-assistant/chat/ HTTP/1.1" 200 204
"GET /treatments/medications/ HTTP/1.1" 200 23684
"GET /theme/preference/ HTTP/1.1" 200 20
"GET /treatments/medical-images/ HTTP/1.1" 200 24582
"GET /theme/preference/ HTTP/1.1" 200 20
"GET /treatments/reports/ HTTP/1.1" 200 24404
"GET /theme/preference/ HTTP/1.1" 200 20
"GET /treatments/lab-tests/ HTTP/1.1" 200 23444
"GET /theme/preference/ HTTP/1.1" 200 20
"GET /core/patients/ HTTP/1.1" 200 26379
"GET /theme/preference/ HTTP/1.1" 200 20
Internal Server Error: /core/patients/1/
Traceback (most recent call last):
  File "/Users/umutaraz/Desktop/Projeler/MediTrack/MediTrack/venv/lib/python3.13/site-packages/django/core/handlers/exception.py", line 55, in inner
    response = get_response(request)
  File "/Users/umutaraz/Desktop/Projeler/MediTrack/MediTrack/venv/lib/python3.13/site-packages/django/core/handlers/base.py", line 220, in _get_response
    response = response.render()
  File "/Users/umutaraz/Desktop/Projeler/MediTrack/MediTrack/venv/lib/python3.13/site-packages/django/template/response.py", line 114, in render
    self.content = self.rendered_content
                   ^^^^^^^^^^^^^^^^^^^^^
  File "/Users/umutaraz/Desktop/Projeler/MediTrack/MediTrack/venv/lib/python3.13/site-packages/django/template/response.py", line 92, in rendered_content
    return template.render(context, self._request)
           ~~~~~~~~~~~~~~~^^^^^^^^^^^^^^^^^^^^^^^^
  File "/Users/umutaraz/Desktop/Projeler/MediTrack/MediTrack/venv/lib/python3.13/site-packages/django/template/backends/django.py", line 107, in render
    return self.template.render(context)
           ~~~~~~~~~~~~~~~~~~~~^^^^^^^^^
  File "/Users/umutaraz/Desktop/Projeler/MediTrack/MediTrack/venv/lib/python3.13/site-packages/django/template/base.py", line 171, in render
    return self._render(context)
           ~~~~~~~~~~~~^^^^^^^^^
  File "/Users/umutaraz/Desktop/Projeler/MediTrack/MediTrack/venv/lib/python3.13/site-packages/django/template/base.py", line 163, in _render
    return self.nodelist.render(context)
           ~~~~~~~~~~~~~~~~~~~~^^^^^^^^^
  File "/Users/umutaraz/Desktop/Projeler/MediTrack/MediTrack/venv/lib/python3.13/site-packages/django/template/base.py", line 1016, in render
    return SafeString("".join([node.render_annotated(context) for node in self]))
                               ~~~~~~~~~~~~~~~~~~~~~^^^^^^^^^
  File "/Users/umutaraz/Desktop/Projeler/MediTrack/MediTrack/venv/lib/python3.13/site-packages/django/template/base.py", line 977, in render_annotated
    return self.render(context)
           ~~~~~~~~~~~^^^^^^^^^
  File "/Users/umutaraz/Desktop/Projeler/MediTrack/MediTrack/venv/lib/python3.13/site-packages/django/template/loader_tags.py", line 159, in render
    return compiled_parent._render(context)
           ~~~~~~~~~~~~~~~~~~~~~~~^^^^^^^^^
  File "/Users/umutaraz/Desktop/Projeler/MediTrack/MediTrack/venv/lib/python3.13/site-packages/django/template/base.py", line 163, in _render
    return self.nodelist.render(context)
           ~~~~~~~~~~~~~~~~~~~~^^^^^^^^^
  File "/Users/umutaraz/Desktop/Projeler/MediTrack/MediTrack/venv/lib/python3.13/site-packages/django/template/base.py", line 1016, in render
    return SafeString("".join([node.render_annotated(context) for node in self]))
                               ~~~~~~~~~~~~~~~~~~~~~^^^^^^^^^
  File "/Users/umutaraz/Desktop/Projeler/MediTrack/MediTrack/venv/lib/python3.13/site-packages/django/template/base.py", line 977, in render_annotated
    return self.render(context)
           ~~~~~~~~~~~^^^^^^^^^
  File "/Users/umutaraz/Desktop/Projeler/MediTrack/MediTrack/venv/lib/python3.13/site-packages/django/template/loader_tags.py", line 65, in render
    result = block.nodelist.render(context)
  File "/Users/umutaraz/Desktop/Projeler/MediTrack/MediTrack/venv/lib/python3.13/site-packages/django/template/base.py", line 1016, in render
    return SafeString("".join([node.render_annotated(context) for node in self]))
                               ~~~~~~~~~~~~~~~~~~~~~^^^^^^^^^
  File "/Users/umutaraz/Desktop/Projeler/MediTrack/MediTrack/venv/lib/python3.13/site-packages/django/template/base.py", line 977, in render_annotated
    return self.render(context)
           ~~~~~~~~~~~^^^^^^^^^
  File "/Users/umutaraz/Desktop/Projeler/MediTrack/MediTrack/venv/lib/python3.13/site-packages/django/template/defaulttags.py", line 327, in render
    return nodelist.render(context)
           ~~~~~~~~~~~~~~~^^^^^^^^^
  File "/Users/umutaraz/Desktop/Projeler/MediTrack/MediTrack/venv/lib/python3.13/site-packages/django/template/base.py", line 1016, in render
    return SafeString("".join([node.render_annotated(context) for node in self]))
                               ~~~~~~~~~~~~~~~~~~~~~^^^^^^^^^
  File "/Users/umutaraz/Desktop/Projeler/MediTrack/MediTrack/venv/lib/python3.13/site-packages/django/template/base.py", line 977, in render_annotated
    return self.render(context)
           ~~~~~~~~~~~^^^^^^^^^
  File "/Users/umutaraz/Desktop/Projeler/MediTrack/MediTrack/venv/lib/python3.13/site-packages/django/template/defaulttags.py", line 480, in render
    url = reverse(view_name, args=args, kwargs=kwargs, current_app=current_app)
  File "/Users/umutaraz/Desktop/Projeler/MediTrack/MediTrack/venv/lib/python3.13/site-packages/django/urls/base.py", line 98, in reverse
    resolved_url = resolver._reverse_with_prefix(view, prefix, *args, **kwargs)
  File "/Users/umutaraz/Desktop/Projeler/MediTrack/MediTrack/venv/lib/python3.13/site-packages/django/urls/resolvers.py", line 831, in _reverse_with_prefix
    raise NoReverseMatch(msg)
django.urls.exceptions.NoReverseMatch: Reverse for 'appointment-create' not found. 'appointment-create' is not a valid view function or pattern name.
"GET /core/patients/1/ HTTP/1.1" 500 173115
"GET / HTTP/1.1" 200 16964
"GET /static/assets/css/theme.css HTTP/1.1" 200 3708
"GET /static/assets/js/theme.js HTTP/1.1" 200 3846
"GET /static/assets/js/scripts.bundle.js HTTP/1.1" 200 238050
"GET /static/assets/plugins/global/plugins.bundle.css HTTP/1.1" 200 879267
"GET /static/assets/css/style.bundle.css HTTP/1.1" 200 1538590
"GET /static/assets/plugins/global/plugins.bundle.js HTTP/1.1" 200 3558077
"GET /static/assets/plugins/global/fonts/keenicons/keenicons-outline.ttf?fzo4bm HTTP/1.1" 200 246764
"GET /static/assets/media/logos/favicon.png HTTP/1.1" 200 65582
"GET /core/patients/1/ HTTP/1.1" 200 35430
"GET /static/assets/css/theme.css HTTP/1.1" 304 0
"GET /theme/preference/ HTTP/1.1" 200 20
"GET /core/patients/1/ HTTP/1.1" 200 35430
"GET /static/assets/css/theme.css HTTP/1.1" 304 0
"GET /theme/preference/ HTTP/1.1" 200 20
"GET /core/doctors/ HTTP/1.1" 200 31465
"GET /theme/preference/ HTTP/1.1" 200 20
"GET /core/appointments/ HTTP/1.1" 200 29445
"GET /theme/preference/ HTTP/1.1" 200 20
"GET /core/doctors/ HTTP/1.1" 200 31465
"GET /theme/preference/ HTTP/1.1" 200 20
"GET /core/appointments/ HTTP/1.1" 200 29445
"GET /theme/preference/ HTTP/1.1" 200 20
"GET /appointments/calendar/ HTTP/1.1" 200 27098
"GET /theme/preference/ HTTP/1.1" 200 20
"GET /telemedicine/ HTTP/1.1" 200 22928
"GET /theme/preference/ HTTP/1.1" 200 20
"GET /core/analytics/ HTTP/1.1" 200 43109
"GET /theme/preference/ HTTP/1.1" 200 20
"GET /core/doctors/ HTTP/1.1" 200 31465
"GET /theme/preference/ HTTP/1.1" 200 20
"GET /core/patients/ HTTP/1.1" 200 26379
"GET /theme/preference/ HTTP/1.1" 200 20
"GET /core/patients/1/ HTTP/1.1" 200 35430
"GET /theme/preference/ HTTP/1.1" 200 20
"GET /core/appointments/create/?patient=1 HTTP/1.1" 200 26339
"GET /theme/preference/ HTTP/1.1" 200 20
"GET /treatments/medications/ HTTP/1.1" 200 23684
"GET /theme/preference/ HTTP/1.1" 200 20
"GET /treatments/reports/ HTTP/1.1" 200 24404
"GET /theme/preference/ HTTP/1.1" 200 20
"GET /treatments/medical-images/ HTTP/1.1" 200 24582
"GET /theme/preference/ HTTP/1.1" 200 20
"GET /treatments/lab-tests/ HTTP/1.1" 200 23444
"GET /theme/preference/ HTTP/1.1" 200 20
"GET /core/patients/ HTTP/1.1" 200 26379
"GET /theme/preference/ HTTP/1.1" 200 20
"GET /core/patients/1/ HTTP/1.1" 200 35430
"GET /theme/preference/ HTTP/1.1" 200 20
"GET /treatments/lab-tests/?patient=1 HTTP/1.1" 200 23444
"GET /theme/preference/ HTTP/1.1" 200 20
"GET /treatments/patients/1/medical-images/ HTTP/1.1" 200 24455
"GET /theme/preference/ HTTP/1.1" 200 20
"GET /treatments/patients/1/reports/ HTTP/1.1" 200 24483
"GET /theme/preference/ HTTP/1.1" 200 20
"GET /treatments/patients/1/medications/ HTTP/1.1" 200 24110
"GET /theme/preference/ HTTP/1.1" 200 20
/Users/umutaraz/Desktop/Projeler/MediTrack/MediTrack/meditrack/wsgi.py changed, reloading.
Watching for file changes with StatReloader
/Users/umutaraz/Desktop/Projeler/MediTrack/MediTrack/meditrack/wsgi.py changed, reloading.
Watching for file changes with StatReloader
"GET /dashboard/ HTTP/1.1" 200 29773
"GET /static/assets/css/theme.css HTTP/1.1" 304 0
"GET /theme/preference/ HTTP/1.1" 200 20
"GET /core/analytics/ HTTP/1.1" 200 43109
"GET /theme/preference/ HTTP/1.1" 200 20
"GET / HTTP/1.1" 200 30515
"GET /theme/preference/ HTTP/1.1" 200 20
Watching for file changes with StatReloader
"GET / HTTP/1.1" 200 30514
"GET /static/assets/plugins/global/plugins.bundle.css HTTP/1.1" 304 0
"GET /static/assets/css/style.bundle.css HTTP/1.1" 304 0
"GET /static/assets/css/theme.css HTTP/1.1" 304 0
"GET /static/assets/plugins/global/plugins.bundle.js HTTP/1.1" 304 0
"GET /static/assets/js/theme.js HTTP/1.1" 304 0
"GET /static/assets/js/scripts.bundle.js HTTP/1.1" 304 0
"GET /static/assets/plugins/global/fonts/keenicons/keenicons-outline.ttf?fzo4bm HTTP/1.1" 304 0
"GET /static/assets/plugins/global/fonts/@fortawesome/fa-solid-900.woff2 HTTP/1.1" 304 0
"GET /theme/preference/ HTTP/1.1" 200 20
Internal Server Error: /core/patients/
Traceback (most recent call last):
  File "/Users/umutaraz/Desktop/Projeler/MediTrack/MediTrack/venv/lib/python3.13/site-packages/django/urls/base.py", line 81, in reverse
    extra, resolver = resolver.namespace_dict[ns]
                      ~~~~~~~~~~~~~~~~~~~~~~~^^^^
KeyError: 'appointments'

During handling of the above exception, another exception occurred:

Traceback (most recent call last):
  File "/Users/umutaraz/Desktop/Projeler/MediTrack/MediTrack/venv/lib/python3.13/site-packages/django/core/handlers/exception.py", line 55, in inner
    response = get_response(request)
  File "/Users/umutaraz/Desktop/Projeler/MediTrack/MediTrack/venv/lib/python3.13/site-packages/django/core/handlers/base.py", line 220, in _get_response
    response = response.render()
  File "/Users/umutaraz/Desktop/Projeler/MediTrack/MediTrack/venv/lib/python3.13/site-packages/django/template/response.py", line 114, in render
    self.content = self.rendered_content
                   ^^^^^^^^^^^^^^^^^^^^^
  File "/Users/umutaraz/Desktop/Projeler/MediTrack/MediTrack/venv/lib/python3.13/site-packages/django/template/response.py", line 92, in rendered_content
    return template.render(context, self._request)
           ~~~~~~~~~~~~~~~^^^^^^^^^^^^^^^^^^^^^^^^
  File "/Users/umutaraz/Desktop/Projeler/MediTrack/MediTrack/venv/lib/python3.13/site-packages/django/template/backends/django.py", line 107, in render
    return self.template.render(context)
           ~~~~~~~~~~~~~~~~~~~~^^^^^^^^^
  File "/Users/umutaraz/Desktop/Projeler/MediTrack/MediTrack/venv/lib/python3.13/site-packages/django/template/base.py", line 171, in render
    return self._render(context)
           ~~~~~~~~~~~~^^^^^^^^^
  File "/Users/umutaraz/Desktop/Projeler/MediTrack/MediTrack/venv/lib/python3.13/site-packages/django/template/base.py", line 163, in _render
    return self.nodelist.render(context)
           ~~~~~~~~~~~~~~~~~~~~^^^^^^^^^
  File "/Users/umutaraz/Desktop/Projeler/MediTrack/MediTrack/venv/lib/python3.13/site-packages/django/template/base.py", line 1016, in render
    return SafeString("".join([node.render_annotated(context) for node in self]))
                               ~~~~~~~~~~~~~~~~~~~~~^^^^^^^^^
  File "/Users/umutaraz/Desktop/Projeler/MediTrack/MediTrack/venv/lib/python3.13/site-packages/django/template/base.py", line 977, in render_annotated
    return self.render(context)
           ~~~~~~~~~~~^^^^^^^^^
  File "/Users/umutaraz/Desktop/Projeler/MediTrack/MediTrack/venv/lib/python3.13/site-packages/django/template/loader_tags.py", line 159, in render
    return compiled_parent._render(context)
           ~~~~~~~~~~~~~~~~~~~~~~~^^^^^^^^^
  File "/Users/umutaraz/Desktop/Projeler/MediTrack/MediTrack/venv/lib/python3.13/site-packages/django/template/base.py", line 163, in _render
    return self.nodelist.render(context)
           ~~~~~~~~~~~~~~~~~~~~^^^^^^^^^
  File "/Users/umutaraz/Desktop/Projeler/MediTrack/MediTrack/venv/lib/python3.13/site-packages/django/template/base.py", line 1016, in render
    return SafeString("".join([node.render_annotated(context) for node in self]))
                               ~~~~~~~~~~~~~~~~~~~~~^^^^^^^^^
  File "/Users/umutaraz/Desktop/Projeler/MediTrack/MediTrack/venv/lib/python3.13/site-packages/django/template/base.py", line 977, in render_annotated
    return self.render(context)
           ~~~~~~~~~~~^^^^^^^^^
  File "/Users/umutaraz/Desktop/Projeler/MediTrack/MediTrack/venv/lib/python3.13/site-packages/django/template/defaulttags.py", line 327, in render
    return nodelist.render(context)
           ~~~~~~~~~~~~~~~^^^^^^^^^
  File "/Users/umutaraz/Desktop/Projeler/MediTrack/MediTrack/venv/lib/python3.13/site-packages/django/template/base.py", line 1016, in render
    return SafeString("".join([node.render_annotated(context) for node in self]))
                               ~~~~~~~~~~~~~~~~~~~~~^^^^^^^^^
  File "/Users/umutaraz/Desktop/Projeler/MediTrack/MediTrack/venv/lib/python3.13/site-packages/django/template/base.py", line 977, in render_annotated
    return self.render(context)
           ~~~~~~~~~~~^^^^^^^^^
  File "/Users/umutaraz/Desktop/Projeler/MediTrack/MediTrack/venv/lib/python3.13/site-packages/django/template/defaulttags.py", line 480, in render
    url = reverse(view_name, args=args, kwargs=kwargs, current_app=current_app)
  File "/Users/umutaraz/Desktop/Projeler/MediTrack/MediTrack/venv/lib/python3.13/site-packages/django/urls/base.py", line 92, in reverse
    raise NoReverseMatch("%s is not a registered namespace" % key)
django.urls.exceptions.NoReverseMatch: 'appointments' is not a registered namespace
"GET /core/patients/ HTTP/1.1" 500 162344
/Users/umutaraz/Desktop/Projeler/MediTrack/MediTrack/meditrack/urls.py changed, reloading.
Watching for file changes with StatReloader
/Users/umutaraz/Desktop/Projeler/MediTrack/MediTrack/appointments/urls.py changed, reloading.
Watching for file changes with StatReloader
"GET /core/patients/ HTTP/1.1" 200 33115
"GET /theme/preference/ HTTP/1.1" 200 20
"GET /core/doctors/ HTTP/1.1" 200 38187
"GET /theme/preference/ HTTP/1.1" 200 20
Forbidden (Permission denied): /appointments/doctors/39/calendar/
Traceback (most recent call last):
  File "/Users/umutaraz/Desktop/Projeler/MediTrack/MediTrack/venv/lib/python3.13/site-packages/django/core/handlers/exception.py", line 55, in inner
    response = get_response(request)
  File "/Users/umutaraz/Desktop/Projeler/MediTrack/MediTrack/venv/lib/python3.13/site-packages/django/core/handlers/base.py", line 197, in _get_response
    response = wrapped_callback(request, *callback_args, **callback_kwargs)
  File "/Users/umutaraz/Desktop/Projeler/MediTrack/MediTrack/venv/lib/python3.13/site-packages/django/views/generic/base.py", line 104, in view
    return self.dispatch(request, *args, **kwargs)
           ~~~~~~~~~~~~~^^^^^^^^^^^^^^^^^^^^^^^^^^
  File "/Users/umutaraz/Desktop/Projeler/MediTrack/MediTrack/venv/lib/python3.13/site-packages/django/contrib/auth/mixins.py", line 73, in dispatch
    return super().dispatch(request, *args, **kwargs)
           ~~~~~~~~~~~~~~~~^^^^^^^^^^^^^^^^^^^^^^^^^^
  File "/Users/umutaraz/Desktop/Projeler/MediTrack/MediTrack/venv/lib/python3.13/site-packages/django/contrib/auth/mixins.py", line 134, in dispatch
    return self.handle_no_permission()
           ~~~~~~~~~~~~~~~~~~~~~~~~~^^
  File "/Users/umutaraz/Desktop/Projeler/MediTrack/MediTrack/venv/lib/python3.13/site-packages/django/contrib/auth/mixins.py", line 48, in handle_no_permission
    raise PermissionDenied(self.get_permission_denied_message())
django.core.exceptions.PermissionDenied
"GET /appointments/doctors/39/calendar/ HTTP/1.1" 403 135
"GET /logout/ HTTP/1.1" 302 0
"GET /login/ HTTP/1.1" 200 9158
/Users/umutaraz/Desktop/Projeler/MediTrack/MediTrack/appointments/urls.py changed, reloading.
Watching for file changes with StatReloader
"POST /login/ HTTP/1.1" 302 0
- Broken pipe from ('127.0.0.1', 50286)
"POST /login/ HTTP/1.1" 302 0
- Broken pipe from ('127.0.0.1', 50287)
"POST /login/ HTTP/1.1" 302 0
- Broken pipe from ('127.0.0.1', 50288)
"POST /login/ HTTP/1.1" 302 0
- Broken pipe from ('127.0.0.1', 50290)
"POST /login/ HTTP/1.1" 302 0
- Broken pipe from ('127.0.0.1', 50289)
"POST /login/ HTTP/1.1" 302 0
- Broken pipe from ('127.0.0.1', 50292)
"POST /login/ HTTP/1.1" 302 0
- Broken pipe from ('127.0.0.1', 50291)
"POST /login/ HTTP/1.1" 302 0
- Broken pipe from ('127.0.0.1', 50293)
"POST /login/ HTTP/1.1" 302 0
- Broken pipe from ('127.0.0.1', 50294)
"POST /login/ HTTP/1.1" 302 0
- Broken pipe from ('127.0.0.1', 50295)
"POST /login/ HTTP/1.1" 302 0
- Broken pipe from ('127.0.0.1', 50297)
"POST /login/ HTTP/1.1" 302 0
- Broken pipe from ('127.0.0.1', 50296)
"POST /login/ HTTP/1.1" 302 0
"POST /login/ HTTP/1.1" 302 0
- Broken pipe from ('127.0.0.1', 50298)
"GET /dashboard/ HTTP/1.1" 200 38230
"GET /theme/preference/ HTTP/1.1" 200 20
"GET /login/ HTTP/1.1" 200 9158
"POST /login/ HTTP/1.1" 302 0
"GET /dashboard/ HTTP/1.1" 200 26641
"GET /theme/preference/ HTTP/1.1" 200 20
"GET /core/doctors/ HTTP/1.1" 200 47673
"GET /theme/preference/ HTTP/1.1" 200 20
"GET /core/appointments/create/?doctor=34 HTTP/1.1" 200 24892
"GET /theme/preference/ HTTP/1.1" 200 20
"GET /appointments/calendar/ HTTP/1.1" 200 25533
"GET /theme/preference/ HTTP/1.1" 200 20
"GET /core/appointments/ HTTP/1.1" 200 24622
"GET /theme/preference/ HTTP/1.1" 200 20
"GET /core/doctors/ HTTP/1.1" 200 47673
"GET /theme/preference/ HTTP/1.1" 200 20
"GET /core/doctors/ HTTP/1.1" 200 47673
"GET /theme/preference/ HTTP/1.1" 200 20
"GET /core/appointments/ HTTP/1.1" 200 24622
"GET /theme/preference/ HTTP/1.1" 200 20
"GET /core/appointments/56/ HTTP/1.1" 200 24327
"GET /theme/preference/ HTTP/1.1" 200 20
"GET /core/appointments/ HTTP/1.1" 200 24622
"GET /theme/preference/ HTTP/1.1" 200 20
"GET /core/appointments/create/ HTTP/1.1" 200 24892
"GET /theme/preference/ HTTP/1.1" 200 20
"POST /core/appointments/create/ HTTP/1.1" 302 0
"GET /core/appointments/ HTTP/1.1" 200 26501
"GET /theme/preference/ HTTP/1.1" 200 20
"GET /logout/ HTTP/1.1" 302 0
"GET /login/ HTTP/1.1" 200 9158
"POST /login/ HTTP/1.1" 302 0
"GET /dashboard/ HTTP/1.1" 200 38230
"GET /theme/preference/ HTTP/1.1" 200 20
"GET /core/appointments/ HTTP/1.1" 200 38702
"GET /theme/preference/ HTTP/1.1" 200 20
"GET /core/appointments/ HTTP/1.1" 200 38702
"GET /theme/preference/ HTTP/1.1" 200 20
"GET /core/appointments/create/ HTTP/1.1" 200 28438
"GET /theme/preference/ HTTP/1.1" 200 20
"GET / HTTP/1.1" 200 30514
"GET /theme/preference/ HTTP/1.1" 200 20
/Users/umutaraz/Desktop/Projeler/MediTrack/MediTrack/core/views_dashboard.py changed, reloading.
Watching for file changes with StatReloader
